,"""Nearly Headless"" Nick",Aberforth Dumbledore,Alastor Moody,Albus Dumbledore,Alecto Carrow,Alicia Spinnet,Amycus Carrow,Andromeda Tonks,Angelina Johnson,Anthony Goldstein,Antioch Peverell,Ariana Dumbledore,Arthur Weasley,Bartemius Crouch Sr,Bathilda Bagshot,Beedle the Bard,Bellatrix Lestrange,Cadmus Peverell,Cedric Diggory,Charity Burbage,Charlie Weasley,Cho Chang,Colin Creevey,Dean Thomas,Dedalus Diggle,Dilys Derwent,Dirk Cresswell,Dolores Umbridge,Draco Malfoy,Dudley Dursley,Elphias Doge,Ernie Macmillan,Fenrir Greyback,Filius Flitwick,Fleur Delacour,Fred Weasley,Gabrielle Delacour,Gellert Grindelwald,George Weasley,Ginevra Weasley,Godric Gryffindor,Hannah Abbott,Harry Potter,Helena Ravenclaw,Helga Hufflepuff,Hepzibah Smith,Hermione Granger,Horace Slughorn,Ignotus Peverell,Igor Karkaroff,James Potter,Katie Bell,Kingsley Shacklebolt,Lavender Brown,Lee Jordan,Lily Potter,Lord Voldemort,Lucius Malfoy,Luna Lovegood,Madam Malkin,Madam Rosmerta,Mafalda Hopkirk,Marvolo Gaunt,Mary Cattermole,Mary Riddle,Michael Corner,Minerva McGonagall,Molly Weasley,Mundungus Fletcher,Narcissa Malfoy,Neville Longbottom,Nicolas Flamel,Nymphadora Tonks,Oliver Wood,Padma Patil,Pansy Parkinson,Parvati Patil,Penelope Clearwater,Percy Weasley,Peter Pettigrew,Petunia Dursley,Phineas Nigellus Black,Pius Thicknesse,Pomona Sprout,Reginald Cattermole,Regulus Arcturus Black,Remus Lupin,Rita Skeeter,Rodolphus Lestrange,Ronald Weasley,Rowena Ravenclaw,Rubeus Hagrid,Rufus Scrimgeour,Salazar Slytherin,Seamus Finnigan,Severus Snape,Sirius Black,Stan Shunpike,Sybill Patricia Trelawney,Ted Tonks,Teddy Lupin,Terry Boot,Tom Riddle,Vernon Dursley,Viktor Krum,Walden Macnair,William Weasley,Xenophilius Lovegood,Zacharias Smith
"""Nearly Headless"" Nick",0.0,0.0,0.0,0.0,0.0,0.0,0.0,0.0,0.0,0.0,0.0,0.0,0.0,0.0,0.0,0.0958333333333,0.0,0.0,0.0,0.0,0.0,0.0,0.0,0.0,0.0,0.0,0.0,0.0,0.0,0.0,0.0,0.0,0.0,0.0,0.0,0.0,0.0,0.0,0.0,0.0,0.1375,0.0,0.1625,0.0,0.0,0.0,0.0,0.0,0.0,0.0,0.0,0.0,0.0,0.0,0.0,0.0,0.0,0.0,0.0,0.0,0.0,0.0,0.0,0.0,0.0,0.0,0.0,0.0,0.0,0.0,0.0,0.0,0.0,0.0,0.0,0.0,0.0,0.0,0.0,0.0,0.0,0.0,0.0,0.0,0.0,0.0,0.0,0.0,0.0,0.0,0.0,0.0,0.0,0.0,0.0,0.0,0.0,0.0,0.0,0.0,0.0,0.0,0.0,0.0,0.0,0.0,0.0,0.0,0.0
Aberforth Dumbledore,0.0,0.0,0.0,0.153864602557,0.0,0.0,0.0,0.0,0.0,0.0,0.0,0.15541757939,0.0888888888889,0.0,0.187255291005,0.175535573862,0.227777777778,0.0,0.0,0.0,0.0111111111111,0.0,0.0,0.0,0.0,0.0,0.0,0.0,0.322222222222,0.0,0.233140873016,0.0,0.298148148148,0.109201388889,0.152430555556,0.0466666666667,0.175,0.180181359045,0.0111111111111,0.08,0.199791170635,0.0,0.165749227624,0.0,0.0,0.0,0.124952311334,0.444444444444,0.0,0.0,0.155651041667,0.0,0.0333333333333,0.0,0.0,0.142852564103,0.237447916667,0.322222222222,0.175,0.0,0.0,0.0,0.0,0.0,0.444444444444,0.375,0.0,0.00833333333333,0.0,0.322222222222,0.274074074074,0.0,0.0,0.0,0.0,0.0,0.0,0.0,0.0888888888889,0.0,0.0,0.312319223986,0.348611111111,0.0,0.0,0.281600529101,0.0,0.210779341029,0.0,0.125895863396,0.0,0.208333333333,0.12619047619,0.5,0.0,0.156703869048,0.190100151172,0.0,0.0,0.0,0.0,0.0,0.444444444444,0.0,0.325,0.0,0.028125,0.2,0.0
Alastor Moody,0.0,0.0,0.0,0.0,0.0,0.0,0.0,0.0,0.0,0.0,0.0,0.0,0.398148148148,0.0,0.0,0.243645419974,0.0,0.0,0.0,0.0,0.0,0.0,0.0,0.0,0.0,0.0,0.0,0.0,0.0,0.0,0.0,0.0,0.0,0.0,0.0,0.398148148148,0.0,0.0,0.0,0.0,0.0,0.0,0.125,0.0,0.0,0.0,0.0,0.0,0.0,0.0,0.0,0.0,0.0,0.0,0.0,0.0,0.1,0.0,0.0,0.0,0.0,0.0,0.0,0.0,0.0,0.0,0.0,0.0,0.354938271605,0.0,0.0,0.0,0.0,0.222857142857,0.0,0.0,0.0,0.0,0.0,0.0,0.0,0.0,0.0,0.0,0.0,0.0,0.23125,0.0,0.0,0.0,0.0,0.0,0.0,0.0,0.0,0.3375,0.0,0.0,0.0,0.0,0.23125,0.0,0.0,0.0,0.0,0.0,0.23125,0.0,0.0
Albus Dumbledore,0.0,0.153864602557,0.0,0.0,0.0,0.0,0.0,0.0,0.0,0.0,0.0,0.153263814211,0.0111111111111,0.0,0.192186041083,0.17482516591,0.227777777778,0.0,0.0,0.0,0.0111111111111,0.0,0.0,0.0,0.0,0.0,0.0,0.0,0.163636363636,0.0,0.228099206349,0.0,0.25,0.109201388889,0.152430555556,0.00833333333333,0.175,0.184160353535,0.0111111111111,0.142350088183,0.208166170635,0.0,0.164960490423,0.0,0.0,0.0,0.123838550852,0.444444444444,0.0,0.0,0.155651041667,0.0,0.0333333333333,0.0,0.0,0.165647759104,0.237447916667,0.0,0.175,0.0,0.0,0.0,0.0,0.0,0.444444444444,0.375,0.0,0.00833333333333,0.0,0.0,0.25,0.0,0.0,0.0,0.0,0.0,0.0,0.0,0.0111111111111,0.0,0.0,0.312319223986,0.375,0.0,0.0,0.281600529101,0.0,0.213962430427,0.0,0.101731481481,0.0,0.208333333333,0.12619047619,0.5,0.0,0.166031746032,0.190100151172,0.0,0.0,0.0,0.0,0.0,0.444444444444,0.0,0.325,0.0,0.028125,0.2,0.0
Alecto Carrow,0.0,0.0,0.0,0.0,0.0,0.0,0.119212962963,0.0,0.0,0.0,0.0,0.0,0.0,0.0,0.0,0.187820512821,0.0,0.0,0.0,0.0,0.0,0.0,0.0,0.0,0.0,0.0,0.0,0.0,0.0,0.0,0.0,0.0,0.0,0.0,0.0,0.0,0.0,0.0,0.0,0.0,0.0,0.0,0.15,0.375,0.0,0.0,0.0,0.0,0.0,0.0,0.0,0.0,0.0,0.0,0.0,0.0,0.375,0.0,0.5,0.0,0.0,0.0,0.0,0.0,0.0,0.0,0.364814814815,0.0,0.0,0.0,0.0,0.0,0.0,0.0,0.0,0.0,0.0,0.0,0.0,0.0,0.0,0.0,0.0,0.0,0.0,0.0,0.0,0.0,0.0,0.0,0.375,0.0,0.0,0.0,0.0,0.0,0.0,0.0,0.0,0.0,0.0,0.375,0.0,0.0,0.0,0.0,0.0,0.0,0.0
Alicia Spinnet,0.0,0.0,0.0,0.0,0.0,0.0,0.0,0.0,0.0,0.0,0.0,0.0,0.0,0.0,0.0,0.0,0.0,0.0,0.0,0.0,0.0,0.0,0.0,0.0,0.0,0.0,0.0,0.0,0.0,0.0,0.0,0.0,0.0,0.0,0.0,0.0,0.0,0.0,0.0,0.0,0.0,0.0,0.0,0.0,0.0,0.0,0.0,0.0,0.0,0.0,0.0,0.0,0.0,0.0,0.0,0.0,0.0,0.0,0.0,0.0,0.0,0.0,0.0,0.0,0.0,0.0,0.0,0.0,0.0,0.0,0.0,0.0,0.0,0.0,0.0,0.0,0.0,0.0,0.0,0.0,0.0,0.0,0.0,0.0,0.0,0.0,0.0,0.0,0.0,0.0,0.0,0.0,0.0,0.0,0.0,0.0,0.0,0.0,0.0,0.0,0.0,0.0,0.0,0.0,0.0,0.0,0.0,0.0,0.0
Amycus Carrow,0.0,0.0,0.0,0.0,0.119212962963,0.0,0.0,0.0,0.0,0.0,0.0,0.0,0.0,0.0,0.0,0.179976851852,0.0,0.0,0.0,0.0,0.0,0.0,0.0,0.0,0.0,0.0,0.0,0.0,0.0,0.0,0.0,0.0,0.0,0.0,0.0,0.0,0.0,0.0,0.0,0.0,0.0,0.0,0.09375,0.375,0.0,0.0,0.0,0.0,0.0,0.0,0.0,0.0,0.0,0.0,0.0,0.0,0.375,0.0,0.0,0.0,0.0,0.0,0.0,0.0,0.0,0.0,0.2375,0.0,0.0,0.0,0.0,0.0,0.0,0.0,0.0,0.0,0.0,0.0,0.0,0.0,0.0,0.0,0.0,0.0,0.0,0.0,0.0,0.0,0.0,0.0,0.375,0.0,0.0,0.0,0.0,0.0,0.0,0.0,0.0,0.0,0.0,0.375,0.0,0.0,0.0,0.0,0.0,0.0,0.0
Andromeda Tonks,0.0,0.0,0.0,0.0,0.0,0.0,0.0,0.0,0.0,0.0,0.0,0.0,0.183928571429,0.0,0.0333333333333,0.148596205962,0.0930555555556,0.0,0.0,0.0,0.122619047619,0.0,0.0,0.0,0.144444444444,0.0,0.163333333333,0.0,0.0,0.0,0.0,0.0,0.0,0.0,0.0809523809524,0.149785147392,0.0,0.0,0.203571428571,0.200380385488,0.0,0.0,0.17770143613,0.0,0.0,0.0,0.12473015873,0.0,0.0,0.0,0.0,0.0,0.121428571429,0.186111111111,0.0,0.0,0.122916666667,0.0,0.0,0.0,0.0,0.0,0.0,0.0,0.0,0.0,0.0,0.232589285714,0.161904761905,0.0,0.25,0.0,0.136070993031,0.0,0.0,0.0,0.0,0.0,0.183928571429,0.0,0.242857142857,0.242857142857,0.0,0.0,0.0,0.242857142857,0.14213031746,0.0,0.0,0.19737654321,0.0,0.231071428571,0.0,0.0,0.0,0.0,0.183928571429,0.0,0.0,0.143576491516,0.169273589065,0.0,0.0,0.0,0.0,0.0,0.122142857143,0.0,0.0
Angelina Johnson,0.0,0.0,0.0,0.0,0.0,0.0,0.0,0.0,0.0,0.0,0.0,0.0,0.0,0.0,0.0,0.0,0.0,0.0,0.0,0.0,0.0,0.0,0.0,0.0,0.0,0.0,0.0,0.0,0.0,0.0,0.0,0.0,0.0,0.0,0.0,0.0,0.0,0.0,0.0,0.0,0.0,0.0,0.0,0.0,0.0,0.0,0.0,0.0,0.0,0.0,0.0,0.0,0.0,0.0,0.0,0.0,0.0,0.0,0.0,0.0,0.0,0.0,0.0,0.0,0.0,0.0,0.0,0.0,0.0,0.0,0.0,0.0,0.0,0.0,0.0,0.0,0.0,0.0,0.0,0.0,0.0,0.0,0.0,0.0,0.0,0.0,0.0,0.0,0.0,0.0,0.0,0.0,0.0,0.0,0.0,0.0,0.0,0.0,0.0,0.0,0.0,0.0,0.0,0.0,0.0,0.0,0.0,0.0,0.0
Anthony Goldstein,0.0,0.0,0.0,0.0,0.0,0.0,0.0,0.0,0.0,0.0,0.0,0.0,0.0,0.0,0.0,0.0,0.0,0.0,0.0,0.0,0.0,0.0,0.0,0.0,0.0,0.0,0.0,0.0,0.0,0.0,0.0,0.0,0.0,0.0,0.0,0.0,0.0,0.0,0.0,0.0,0.0,0.0,0.0,0.0,0.0,0.0,0.0,0.0,0.0,0.0,0.0,0.0,0.0,0.0,0.0,0.0,0.0,0.0,0.0,0.0,0.0,0.0,0.0,0.0,0.0,0.0,0.0,0.0,0.0,0.0,0.0,0.0,0.0,0.0,0.0,0.0,0.0,0.0,0.0,0.0,0.0,0.0,0.0,0.0,0.0,0.0,0.0,0.0,0.0,0.0,0.0,0.0,0.0,0.0,0.0,0.0,0.0,0.0,0.0,0.0,0.0,0.0,0.0,0.0,0.0,0.0,0.0,0.0,0.0
Antioch Peverell,0.0,0.0,0.0,0.0,0.0,0.0,0.0,0.0,0.0,0.0,0.0,0.0,0.0,0.0,0.0,0.195972222222,0.0,0.137326388889,0.0,0.0,0.0,0.0,0.0,0.0,0.0,0.0,0.0,0.0,0.0,0.0,0.0,0.0,0.0,0.0,0.0,0.0,0.0,0.0,0.0,0.0,0.124074074074,0.0,0.325,0.0,0.0,0.0,0.375,0.0,0.129312865497,0.0,0.0,0.0,0.0,0.0,0.0,0.0,0.1625,0.0,0.0,0.0,0.0,0.0,0.1625,0.0,0.0,0.0,0.0,0.0,0.0,0.0,0.0,0.0,0.0,0.0,0.0,0.0,0.0,0.0,0.0,0.0,0.0,0.0,0.0,0.0,0.0,0.0,0.0,0.0,0.0,0.0,0.0,0.0,0.0,0.0,0.0,0.0,0.0,0.0,0.0,0.0,0.0,0.0,0.0,0.0,0.0,0.0,0.0,0.0,0.0
Ariana Dumbledore,0.0,0.15541757939,0.0,0.153263814211,0.0,0.0,0.0,0.0,0.0,0.0,0.0,0.0,0.0111111111111,0.0,0.205912698413,0.184706705481,0.227777777778,0.0,0.0,0.0,0.0111111111111,0.0,0.0,0.0,0.0,0.0,0.0,0.0,0.0,0.0,0.242805059524,0.0,0.25,0.109201388889,0.152430555556,0.00833333333333,0.175,0.172347386913,0.0111111111111,0.08,0.211666170635,0.0,0.166573403113,0.0,0.0,0.0,0.117320732387,0.444444444444,0.0,0.0,0.155651041667,0.0,0.0333333333333,0.0,0.0,0.142852564103,0.237447916667,0.0,0.175,0.0,0.0,0.0,0.0,0.0,0.444444444444,0.375,0.0,0.00833333333333,0.0,0.0,0.25,0.0,0.0,0.0,0.0,0.0,0.0,0.0,0.0111111111111,0.0,0.0,0.312319223986,0.375,0.0,0.0,0.281600529101,0.0,0.219771732099,0.0,0.107085769981,0.0,0.208333333333,0.12619047619,0.5,0.0,0.156703869048,0.190100151172,0.0,0.0,0.0,0.0,0.0,0.444444444444,0.0,0.325,0.0,0.028125,0.2,0.0
Arthur Weasley,0.0,0.0888888888889,0.398148148148,0.0111111111111,0.0,0.0,0.0,0.183928571429,0.0,0.0,0.0,0.0111111111111,0.0,0.0,0.0,0.161717872143,0.05,0.0,0.0,0.0,0.135471697435,0.0,0.0,0.0,0.0,0.0,0.0902777777778,0.0,0.107407407407,0.0,0.197222222222,0.0,0.211111111111,0.0,0.153410631614,0.137300222558,0.170243055556,0.0,0.138199104915,0.133803367387,0.0,0.0,0.148770274959,0.0,0.0,0.0,0.136826814059,0.25,0.0,0.0,0.0,0.0,0.172619047619,0.0,0.0,0.0,0.1,0.214814814815,0.0,0.0,0.0,0.0,0.0,0.0,0.0,0.5,0.0,0.136042544493,0.294620811287,0.322222222222,0.322222222222,0.0,0.183928571429,0.0,0.0,0.0,0.0,0.0,0.13583699579,0.0,0.242857142857,0.242857142857,0.322222222222,0.0,0.0,0.242857142857,0.0303571428571,0.0,0.05,0.131551985411,0.0,0.134826152683,0.190625,0.0,0.0,0.475,0.183928571429,0.0,0.0,0.164285714286,0.0404761904762,0.0,0.0,0.141666666667,0.0,0.0,0.13278747567,0.0,0.0
Bartemius Crouch Sr,0.0,0.0,0.0,0.0,0.0,0.0,0.0,0.0,0.0,0.0,0.0,0.0,0.0,0.0,0.0,0.0,0.0,0.0,0.0,0.0,0.0,0.0,0.0,0.0,0.0,0.0,0.0,0.0,0.0,0.0,0.0,0.0,0.0,0.0,0.0,0.0,0.0,0.0,0.0,0.0,0.0,0.0,0.0,0.0,0.0,0.0,0.0,0.0,0.0,0.0,0.0,0.0,0.0,0.0,0.0,0.0,0.0,0.0,0.0,0.0,0.0,0.0,0.0,0.0,0.0,0.0,0.0,0.0,0.0,0.0,0.0,0.0,0.0,0.0,0.0,0.0,0.0,0.0,0.0,0.0,0.0,0.0,0.0,0.0,0.0,0.0,0.0,0.0,0.0,0.0,0.0,0.0,0.0,0.0,0.0,0.0,0.0,0.0,0.0,0.0,0.0,0.0,0.0,0.0,0.0,0.0,0.0,0.0,0.0
Bathilda Bagshot,0.0,0.187255291005,0.0,0.192186041083,0.0,0.0,0.0,0.0333333333333,0.0,0.0,0.0,0.205912698413,0.0,0.0,0.0,0.212426299662,0.0,0.0,0.0,0.0,0.0,0.0,0.0,0.0,0.0,0.0,0.0333333333333,0.0,0.0,0.0,0.125,0.0,0.0,0.0,0.0,0.0,0.0,0.11369047619,0.0,0.0,0.160844017094,0.0,0.147040598291,0.0,0.0,0.0,0.22702020202,0.0,0.0,0.0,0.25,0.0,0.0,0.0,0.0,0.25,0.0,0.0,0.0,0.0,0.0,0.0,0.0,0.0,0.0,0.0,0.0,0.0,0.0,0.0,0.0,0.34478021978,0.0333333333333,0.0,0.0,0.0,0.0,0.0,0.0,0.0,0.0,0.275,0.0,0.0,0.0,0.275,0.0,0.0541666666667,0.0,0.0,0.0,0.0,0.0,0.0,0.0,0.0,0.275,0.0,0.0,0.0333333333333,0.0,0.0,0.0,0.0,0.0,0.0,0.0,0.0,0.0
Beedle the Bard,0.0958333333333,0.175535573862,0.243645419974,0.17482516591,0.187820512821,0.0,0.179976851852,0.148596205962,0.0,0.0,0.195972222222,0.184706705481,0.161717872143,0.0,0.212426299662,0.0,0.199299921837,0.195972222222,0.248611111111,0.112152777778,0.157372861083,0.25,0.125,0.184067735891,0.257865646259,0.262986111111,0.146329365079,0.268489814815,0.169837754294,0.215317460317,0.175711451247,0.0833333333333,0.193874135124,0.220459850607,0.15667917769,0.163941463724,0.203418803419,0.203159013605,0.152661468667,0.158150823271,0.159996129449,0.281859410431,0.176539288734,0.138958333333,0.14912037037,0.198722222222,0.173002854358,0.221825396825,0.178266178266,0.0,0.18075322606,0.0,0.189878408628,0.1990625,0.116666666667,0.174980812811,0.195071844458,0.18538601243,0.167467178898,0.108601319316,0.108601319316,0.171626984127,0.0924768518519,0.155819088319,0.219199346405,0.178111471861,0.186632630017,0.158629322905,0.160632177151,0.196667582418,0.17512289916,0.34478021978,0.14749870801,0.223349867725,0.25,0.3375,0.375,0.0,0.155672810661,0.164201770452,0.217077020202,0.204290179938,0.228208180708,0.243489583333,0.160626780627,0.212308908792,0.131198187079,0.192207689136,0.174233405483,0.171605713841,0.153534482759,0.195465930451,0.162932098765,0.23518732493,0.231859410431,0.16347701474,0.201623616862,0.134166666667,0.125,0.141218106996,0.13764260605,0.282,0.252053140097,0.196538065844,0.185885642136,0.0,0.152764743524,0.174043078835,0.166157407407
Bellatrix Lestrange,0.0,0.227777777778,0.0,0.227777777778,0.0,0.0,0.0,0.0930555555556,0.0,0.0,0.0,0.227777777778,0.05,0.0,0.0,0.199299921837,0.0,0.0,0.0,0.0,0.05,0.0,0.0,0.0,0.0,0.0,0.0,0.0,0.157743055556,0.0,0.0,0.0,0.141666666667,0.0,0.120833333333,0.05,0.0,0.0,0.05,0.16875,0.155853174603,0.0,0.192080291005,0.0,0.0,0.0,0.153925786689,0.0,0.0,0.0,0.230092592593,0.0,0.0,0.186111111111,0.0,0.230092592593,0.215641534392,0.270833333333,0.125,0.12343524531,0.12343524531,0.0,0.0,0.0,0.0,0.0,0.0,0.142592592593,0.0,0.251194444444,0.0,0.0,0.0930555555556,0.0,0.0,0.0,0.0,0.0,0.05,0.0,0.0,0.160185185185,0.0,0.0,0.0,0.160185185185,0.0,0.0,0.100316558442,0.126597222222,0.0,0.45,0.0,0.0,0.0,0.5,0.137905092593,0.0,0.0,0.0930555555556,0.0,0.0,0.0,0.0,0.0,0.0,0.0736111111111,0.0,0.0
Cadmus Peverell,0.0,0.0,0.0,0.0,0.0,0.0,0.0,0.0,0.0,0.0,0.137326388889,0.0,0.0,0.0,0.0,0.195972222222,0.0,0.0,0.0,0.0,0.0,0.0,0.0,0.0,0.0,0.0,0.0,0.0,0.0,0.0,0.0,0.0,0.0,0.0,0.0,0.0,0.0,0.0,0.0,0.0,0.124074074074,0.0,0.325,0.0,0.0,0.0,0.375,0.0,0.129312865497,0.0,0.0,0.0,0.0,0.0,0.0,0.0,0.1625,0.0,0.0,0.0,0.0,0.0,0.1625,0.0,0.0,0.0,0.0,0.0,0.0,0.0,0.0,0.0,0.0,0.0,0.0,0.0,0.0,0.0,0.0,0.0,0.0,0.0,0.0,0.0,0.0,0.0,0.0,0.0,0.0,0.0,0.0,0.0,0.0,0.0,0.0,0.0,0.0,0.0,0.0,0.0,0.0,0.0,0.0,0.0,0.0,0.0,0.0,0.0,0.0
Cedric Diggory,0.0,0.0,0.0,0.0,0.0,0.0,0.0,0.0,0.0,0.0,0.0,0.0,0.0,0.0,0.0,0.248611111111,0.0,0.0,0.0,0.0,0.0,0.0,0.0,0.0,0.0,0.0,0.0,0.0,0.0,0.0,0.0,0.0,0.0,0.0,0.0,0.0,0.0,0.0,0.0,0.0,0.0,0.0,0.248611111111,0.0,0.0,0.0,0.0,0.0,0.0,0.0,0.248611111111,0.0,0.0,0.0,0.0,0.248611111111,0.0,0.0,0.0,0.0,0.0,0.0,0.0,0.0,0.0,0.0,0.0,0.0,0.0,0.0,0.0,0.0,0.0,0.0,0.0,0.0,0.0,0.0,0.0,0.0,0.0,0.0,0.0,0.0,0.0,0.0,0.0,0.0,0.0,0.0,0.0,0.0,0.0,0.0,0.0,0.0,0.0,0.0,0.0,0.0,0.0,0.0,0.0,0.0,0.0,0.0,0.0,0.0,0.0
Charity Burbage,0.0,0.0,0.0,0.0,0.0,0.0,0.0,0.0,0.0,0.0,0.0,0.0,0.0,0.0,0.0,0.112152777778,0.0,0.0,0.0,0.0,0.0,0.0,0.0,0.0,0.0,0.0,0.0,0.0,0.05,0.0,0.0,0.0,0.0,0.0,0.0,0.0,0.0,0.0,0.0,0.0,0.0,0.0,0.165277777778,0.0,0.0,0.0,0.0,0.0,0.0,0.0,0.0,0.0,0.0,0.0,0.0,0.0,0.05,0.05,0.0,0.0,0.0,0.0,0.0,0.0,0.0,0.0,0.0,0.0,0.0,0.05,0.0,0.0,0.0,0.0,0.0,0.0,0.0,0.0,0.0,0.0,0.0,0.0,0.0,0.0,0.0,0.0,0.0,0.0,0.0,0.0,0.0,0.0,0.0,0.0,0.0,0.0,0.0,0.0,0.0,0.0,0.0,0.0,0.0,0.0,0.0,0.0,0.0,0.0,0.0
Charlie Weasley,0.0,0.0111111111111,0.0,0.0111111111111,0.0,0.0,0.0,0.122619047619,0.0,0.0,0.0,0.0111111111111,0.135471697435,0.0,0.0,0.157372861083,0.05,0.0,0.0,0.0,0.0,0.0,0.0,0.0,0.0,0.0,0.0902777777778,0.0,0.0,0.0,0.197222222222,0.0,0.1,0.0,0.178638007055,0.135406402695,0.173368055556,0.0,0.138121799225,0.133212056769,0.0,0.0,0.148275634008,0.0,0.0,0.0,0.121618716931,0.25,0.0,0.0,0.0,0.0,0.125148809524,0.0,0.0,0.0,0.1,0.0,0.0,0.0,0.0,0.0,0.0,0.0,0.0,0.35,0.0,0.133691346422,0.242857142857,0.0,0.0,0.0,0.122619047619,0.0,0.0,0.0,0.0,0.0,0.134216805593,0.0,0.242857142857,0.242857142857,0.0,0.0,0.0,0.242857142857,0.034693877551,0.0,0.05,0.129315758688,0.0,0.142972883598,0.2,0.0,0.0,0.475,0.183928571429,0.0,0.0,0.123214285714,0.0404761904762,0.0,0.0,0.141666666667,0.0,0.0,0.132517436267,0.0,0.0
Cho Chang,0.0,0.0,0.0,0.0,0.0,0.0,0.0,0.0,0.0,0.0,0.0,0.0,0.0,0.0,0.0,0.25,0.0,0.0,0.0,0.0,0.0,0.0,0.0,0.0,0.0,0.0,0.0,0.0,0.0,0.0,0.0,0.0,0.0,0.0,0.0,0.0,0.0,0.0,0.0,0.125,0.0,0.0,0.119642857143,0.0,0.0,0.0,0.0,0.0,0.0,0.0,0.0,0.0,0.0,0.0,0.239285714286,0.0,0.0,0.0,0.196604938272,0.0,0.0,0.0,0.0,0.0,0.0,0.25,0.0,0.0,0.0,0.0,0.0,0.0,0.0,0.0,0.25,0.0,0.0,0.0,0.0,0.0,0.0,0.0,0.0,0.0,0.0,0.0,0.0,0.0,0.0,0.0,0.0,0.0,0.0,0.0,0.0,0.0,0.0,0.0,0.0,0.0,0.0,0.25,0.0,0.0,0.0,0.0,0.0,0.0,0.0
Colin Creevey,0.0,0.0,0.0,0.0,0.0,0.0,0.0,0.0,0.0,0.0,0.0,0.0,0.0,0.0,0.0,0.125,0.0,0.0,0.0,0.0,0.0,0.0,0.0,0.0,0.0,0.0,0.0,0.0,0.131481481481,0.0,0.0,0.0,0.0,0.0,0.0,0.0,0.0,0.0,0.0,0.0,0.0,0.0,0.131481481481,0.0,0.0,0.0,0.0,0.0,0.0,0.0,0.0,0.0,0.0,0.0,0.0,0.0,0.0,0.131481481481,0.0,0.0,0.0,0.0,0.0,0.0,0.0,0.0,0.0,0.0,0.0,0.131481481481,0.375,0.0,0.0,0.375,0.0,0.0,0.0,0.0,0.0,0.0,0.0,0.0,0.0,0.0,0.0,0.0,0.0,0.0,0.0,0.0,0.0,0.0,0.0,0.0,0.0,0.0,0.0,0.0,0.0,0.0,0.0,0.0,0.0,0.0,0.0,0.0,0.0,0.0,0.0
Dean Thomas,0.0,0.0,0.0,0.0,0.0,0.0,0.0,0.0,0.0,0.0,0.0,0.0,0.0,0.0,0.0,0.184067735891,0.0,0.0,0.0,0.0,0.0,0.0,0.0,0.0,0.0,0.0,0.0333333333333,0.0,0.0,0.0,0.0,0.0,0.166666666667,0.0,0.103075396825,0.0,0.0,0.0,0.0,0.141666666667,0.227314814815,0.0,0.177237654321,0.0,0.0,0.0,0.224074074074,0.0,0.0,0.0,0.0,0.0,0.0,0.0,0.0,0.0,0.166666666667,0.0,0.181555250305,0.0,0.0,0.0,0.0,0.0,0.0,0.0,0.0,0.0,0.0,0.0,0.0,0.0,0.0,0.0,0.0,0.0,0.1875,0.0,0.0,0.0,0.0,0.0,0.0,0.0,0.0,0.0,0.0,0.0,0.0,0.266534391534,0.0,0.0,0.0,0.0,0.0,0.0,0.0,0.0,0.0,0.03125,0.0,0.0,0.0,0.0,0.0,0.0,0.103075396825,0.0,0.0
Dedalus Diggle,0.0,0.0,0.0,0.0,0.0,0.0,0.0,0.144444444444,0.0,0.0,0.0,0.0,0.0,0.0,0.0,0.257865646259,0.0,0.0,0.0,0.0,0.0,0.0,0.0,0.0,0.0,0.0,0.0,0.0,0.0,0.220833333333,0.0,0.0,0.0,0.0,0.0,0.0,0.0,0.0,0.0,0.0,0.0,0.0,0.284325396825,0.0,0.0,0.0,0.0,0.0,0.0,0.0,0.4,0.0,0.0,0.0,0.0,0.4,0.0,0.0,0.0,0.0,0.0,0.0,0.0,0.0,0.0,0.0,0.0,0.0,0.0,0.0,0.0,0.0,0.144444444444,0.0,0.0,0.0,0.0,0.0,0.0,0.0,0.220833333333,0.0,0.05,0.0,0.0,0.0,0.0,0.0,0.0,0.0,0.0,0.0,0.0,0.0,0.0,0.0,0.0,0.0,0.0,0.144444444444,0.0,0.0,0.0,0.294444444444,0.0,0.0,0.0,0.0,0.0
Dilys Derwent,0.0,0.0,0.0,0.0,0.0,0.0,0.0,0.0,0.0,0.0,0.0,0.0,0.0,0.0,0.0,0.262986111111,0.0,0.0,0.0,0.0,0.0,0.0,0.0,0.0,0.0,0.0,0.0,0.0,0.0,0.0,0.0,0.0,0.0,0.0,0.0,0.0,0.0,0.0,0.0,0.0,0.0,0.0,0.0,0.0,0.0,0.0,0.0,0.0,0.0,0.0,0.0,0.0,0.0,0.0,0.0,0.0,0.0,0.0,0.0,0.0,0.0,0.0,0.0,0.0,0.0,0.0,0.0,0.0,0.0,0.0,0.0,0.0,0.0,0.0,0.0,0.0,0.0,0.0,0.0,0.0,0.0,0.262986111111,0.0,0.0,0.0,0.0,0.0,0.0,0.0,0.0,0.0,0.0,0.0,0.262986111111,0.0,0.0,0.0,0.0,0.0,0.0,0.0,0.0,0.0,0.0,0.0,0.0,0.0,0.0,0.0
Dirk Cresswell,0.0,0.0,0.0,0.0,0.0,0.0,0.0,0.163333333333,0.0,0.0,0.0,0.0,0.0902777777778,0.0,0.0333333333333,0.146329365079,0.0,0.0,0.0,0.0,0.0902777777778,0.0,0.0,0.0333333333333,0.0,0.0,0.0,0.0,0.0,0.0,0.0,0.0,0.0,0.0,0.0,0.0902777777778,0.0,0.0,0.0902777777778,0.0902777777778,0.0,0.0,0.0,0.0,0.0,0.0,0.0,0.0,0.0,0.0,0.0,0.0,0.0,0.0,0.0,0.0,0.0,0.0,0.0,0.0,0.0,0.0,0.0,0.0,0.0,0.0,0.0,0.0902777777778,0.0,0.0,0.0,0.0,0.163333333333,0.0,0.0,0.0,0.0,0.0,0.0902777777778,0.0,0.0,0.0,0.0,0.0,0.0,0.0,0.0,0.0,0.0,0.0902777777778,0.0,0.0,0.0,0.0,0.0,0.25,0.0,0.0,0.0,0.133333333333,0.0,0.0,0.0,0.0,0.0,0.0,0.0902777777778,0.0,0.0
Dolores Umbridge,0.0,0.0,0.0,0.0,0.0,0.0,0.0,0.0,0.0,0.0,0.0,0.0,0.0,0.0,0.0,0.268489814815,0.0,0.0,0.0,0.0,0.0,0.0,0.0,0.0,0.0,0.0,0.0,0.0,0.0,0.0,0.0,0.0,0.0,0.0,0.0,0.0,0.0,0.0,0.0,0.0,0.0,0.0,0.147083333333,0.0,0.0,0.0,0.13734375,0.0,0.0,0.0,0.0,0.0,0.0,0.0,0.0,0.0,0.0,0.0,0.0,0.0,0.0,0.0,0.0,0.0733564814815,0.0,0.0,0.0,0.0,0.0,0.0,0.0,0.0,0.0,0.0,0.0,0.0,0.0,0.0,0.0,0.0,0.0,0.338888888889,0.0,0.0,0.0916956018519,0.338888888889,0.0,0.0,0.0,0.0,0.0,0.0,0.0,0.0,0.0,0.175,0.338888888889,0.0,0.0,0.0,0.0,0.0,0.0,0.0,0.0,0.0,0.0,0.0,0.0
Draco Malfoy,0.0,0.322222222222,0.0,0.163636363636,0.0,0.0,0.0,0.0,0.0,0.0,0.0,0.0,0.107407407407,0.0,0.0,0.169837754294,0.157743055556,0.0,0.0,0.05,0.0,0.0,0.131481481481,0.0,0.0,0.0,0.0,0.0,0.0,0.0,0.0,0.0,0.156790123457,0.0,0.0,0.0,0.0,0.0,0.0,0.0,0.0,0.0,0.162141215891,0.0,0.0,0.0,0.150422077922,0.0,0.0,0.0,0.248958333333,0.0,0.0,0.0,0.0,0.22919973545,0.167012051734,0.145064849932,0.0,0.0,0.0,0.0,0.0,0.0,0.0,0.0333333333333,0.0,0.0,0.0,0.149161349725,0.322222222222,0.0,0.0,0.0,0.0,0.0,0.0,0.0,0.161111111111,0.025,0.0,0.171567460317,0.322222222222,0.0,0.0,0.171567460317,0.0,0.0,0.0,0.11644510582,0.0,0.0,0.0,0.0,0.0,0.186882716049,0.171567460317,0.0,0.0,0.0,0.0,0.0,0.0,0.0,0.0,0.0,0.0,0.0,0.0
Dudley Dursley,0.0,0.0,0.0,0.0,0.0,0.0,0.0,0.0,0.0,0.0,0.0,0.0,0.0,0.0,0.0,0.215317460317,0.0,0.0,0.0,0.0,0.0,0.0,0.0,0.0,0.220833333333,0.0,0.0,0.0,0.0,0.0,0.0,0.0,0.0,0.0,0.0,0.0,0.0,0.0,0.0,0.0,0.0,0.0,0.17185515873,0.0,0.0,0.0,0.0,0.0,0.0,0.0,0.0,0.0,0.0,0.0,0.0,0.0,0.0,0.0,0.0,0.0,0.0,0.0,0.0,0.0,0.0,0.0,0.0,0.0,0.0,0.0,0.0,0.0,0.0,0.0,0.0,0.0,0.0,0.0,0.0,0.0,0.219529100529,0.0,0.0,0.0,0.0,0.0,0.0,0.0,0.0,0.0,0.0,0.0,0.0,0.0,0.0,0.0,0.0,0.0,0.0,0.0,0.0,0.176666666667,0.0,0.232375832053,0.0,0.0,0.0,0.0,0.0
Elphias Doge,0.0,0.233140873016,0.0,0.228099206349,0.0,0.0,0.0,0.0,0.0,0.0,0.0,0.242805059524,0.197222222222,0.0,0.125,0.175711451247,0.0,0.0,0.0,0.0,0.197222222222,0.0,0.0,0.0,0.0,0.0,0.0,0.0,0.0,0.0,0.0,0.0,0.0,0.0,0.0,0.197222222222,0.0,0.0,0.197222222222,0.197222222222,0.0,0.0,0.140613977072,0.0,0.0,0.0,0.0,0.0,0.0,0.0,0.0,0.0,0.0,0.0,0.0,0.0,0.0,0.0,0.0,0.0,0.0,0.0,0.0,0.0,0.0,0.0,0.0,0.197222222222,0.0,0.0,0.0,0.0,0.0,0.0,0.0,0.0,0.0,0.0,0.197222222222,0.0,0.0,0.0,0.0,0.0,0.0,0.0,0.0,0.142911255411,0.0,0.197222222222,0.0,0.0,0.0,0.0,0.0,0.0,0.0,0.0,0.0,0.0,0.0,0.0,0.0,0.0,0.0,0.0,0.197222222222,0.0,0.0
Ernie Macmillan,0.0,0.0,0.0,0.0,0.0,0.0,0.0,0.0,0.0,0.0,0.0,0.0,0.0,0.0,0.0,0.0833333333333,0.0,0.0,0.0,0.0,0.0,0.0,0.0,0.0,0.0,0.0,0.0,0.0,0.0,0.0,0.0,0.0,0.0,0.0,0.0,0.0,0.0,0.0,0.0,0.0,0.0,0.0,0.0,0.0,0.0,0.0,0.0,0.0,0.0,0.0,0.0,0.0,0.0,0.0,0.0,0.0,0.0,0.0,0.25,0.0,0.0,0.0,0.0,0.0,0.0,0.0,0.0,0.0,0.0,0.0,0.0,0.0,0.0,0.0,0.0,0.0,0.0,0.0,0.0,0.0,0.0,0.0,0.0,0.0,0.0,0.0,0.0,0.0,0.0,0.0833333333333,0.0,0.0,0.0,0.0,0.25,0.0,0.0,0.0,0.0,0.0,0.0,0.0,0.0,0.0,0.0,0.0,0.0,0.0,0.0
Fenrir Greyback,0.0,0.298148148148,0.0,0.25,0.0,0.0,0.0,0.0,0.0,0.0,0.0,0.25,0.211111111111,0.0,0.0,0.193874135124,0.141666666667,0.0,0.0,0.0,0.1,0.0,0.0,0.166666666667,0.0,0.0,0.0,0.0,0.156790123457,0.0,0.0,0.0,0.0,0.0,0.1875,0.1,0.1875,0.0,0.1,0.14375,0.0,0.0,0.130154761905,0.0,0.0,0.0,0.25279478458,0.0,0.0,0.0,0.0533333333333,0.0,0.0,0.5,0.0,0.0533333333333,0.195833333333,0.173765432099,0.0,0.0,0.0,0.0,0.0,0.0,0.0,0.0,0.0,0.1,0.0,0.205555555556,0.322222222222,0.0,0.0,0.0,0.0,0.0,0.0,0.0,0.211111111111,0.0,0.0,0.0,0.322222222222,0.0,0.0,0.0,0.0,0.0,0.0,0.179563492063,0.0,0.0,0.0,0.0,0.0,0.0,0.0,0.0,0.0,0.0,0.0,0.0,0.0,0.0,0.0,0.0,0.205,0.0,0.0
Filius Flitwick,0.0,0.109201388889,0.0,0.109201388889,0.0,0.0,0.0,0.0,0.0,0.0,0.0,0.109201388889,0.0,0.0,0.0,0.220459850607,0.0,0.0,0.0,0.0,0.0,0.0,0.0,0.0,0.0,0.0,0.0,0.0,0.0,0.0,0.0,0.0,0.0,0.0,0.0,0.0,0.0,0.0,0.0,0.0333333333333,0.4,0.0,0.250267857143,0.133333333333,0.0,0.0,0.0,0.275,0.0,0.0,0.0,0.0,0.146130952381,0.0,0.0,0.0,0.183333333333,0.0,0.269444444444,0.0,0.0,0.0,0.0,0.0,0.0,0.0,0.242261904762,0.0,0.0,0.0,0.0333333333333,0.0,0.0,0.0,0.0,0.0,0.0,0.0,0.0,0.0,0.0,0.0,0.0,0.216927083333,0.0,0.0,0.0,0.0,0.0,0.0,0.133333333333,0.0166666666667,0.0,0.0,0.0,0.24375,0.0,0.0,0.0,0.0,0.0,0.0,0.0,0.0,0.0,0.0,0.0,0.0,0.0
Fleur Delacour,0.0,0.152430555556,0.0,0.152430555556,0.0,0.0,0.0,0.0809523809524,0.0,0.0,0.0,0.152430555556,0.153410631614,0.0,0.0,0.15667917769,0.120833333333,0.0,0.0,0.0,0.178638007055,0.0,0.0,0.103075396825,0.0,0.0,0.0,0.0,0.0,0.0,0.0,0.0,0.1875,0.0,0.0,0.144800986051,0.221676245211,0.0,0.144800986051,0.182892783657,0.0,0.0,0.203792989418,0.0,0.0,0.0,0.160328483245,0.0,0.0,0.0,0.0,0.0,0.167526455026,0.0,0.0,0.0,0.0,0.0,0.092791005291,0.0,0.0,0.0,0.0,0.0,0.0,0.2,0.0,0.17629574515,0.0925198412698,0.0,0.0,0.0,0.0809523809524,0.0,0.0,0.0,0.0,0.0,0.154973131614,0.0,0.121428571429,0.26314484127,0.0,0.0,0.0,0.26314484127,0.18630952381,0.0,0.0,0.188843355718,0.0,0.195767195767,0.0,0.0,0.0,0.216666666667,0.26314484127,0.0,0.0,0.0809523809524,0.188265306122,0.0,0.0,0.0,0.25,0.0,0.120443973465,0.136363636364,0.0
Fred Weasley,0.0,0.0466666666667,0.398148148148,0.00833333333333,0.0,0.0,0.0,0.149785147392,0.0,0.0,0.0,0.00833333333333,0.137300222558,0.0,0.0,0.163941463724,0.05,0.0,0.0,0.0,0.135406402695,0.0,0.0,0.0,0.0,0.0,0.0902777777778,0.0,0.0,0.0,0.197222222222,0.0,0.1,0.0,0.144800986051,0.0,0.180277777778,0.0,0.140307217774,0.134882513088,0.0,0.266666666667,0.163725885226,0.0,0.0,0.0,0.136335343915,0.25,0.0,0.0,0.0,0.0,0.124404761905,0.219444444444,0.222222222222,0.0,0.1203125,0.0,0.0,0.0,0.0,0.0,0.0,0.0,0.0,0.2625,0.0,0.133940261426,0.189252645503,0.0,0.0,0.0,0.149785147392,0.0,0.0,0.0,0.0,0.0,0.131510949057,0.0,0.161904761905,0.242857142857,0.0,0.0,0.0,0.242857142857,0.0854612332112,0.0,0.05,0.132531770192,0.0,0.175217702822,0.2,0.0,0.0,0.475,0.203571428571,0.0,0.0,0.146687003968,0.0792162698413,0.0,0.0,0.141666666667,0.0,0.0,0.133357278524,0.0,0.0
Gabrielle Delacour,0.0,0.175,0.0,0.175,0.0,0.0,0.0,0.0,0.0,0.0,0.0,0.175,0.170243055556,0.0,0.0,0.203418803419,0.0,0.0,0.0,0.0,0.173368055556,0.0,0.0,0.0,0.0,0.0,0.0,0.0,0.0,0.0,0.0,0.0,0.1875,0.0,0.221676245211,0.180277777778,0.0,0.0,0.180277777778,0.216604938272,0.0,0.0,0.3035,0.0,0.0,0.0,0.366666666667,0.0,0.0,0.0,0.0,0.0,0.0,0.0,0.0,0.0,0.0,0.0,0.0,0.0,0.0,0.0,0.0,0.0,0.0,0.0,0.0,0.180277777778,0.0,0.0,0.0,0.0,0.0,0.0,0.0,0.0,0.0,0.0,0.173368055556,0.0,0.0,0.333333333333,0.0,0.0,0.0,0.333333333333,0.0,0.0,0.0,0.276194444444,0.0,0.0,0.0,0.0,0.0,0.0,0.333333333333,0.0,0.0,0.0,0.0,0.0,0.0,0.0,0.0,0.0,0.165231481481,0.0,0.0
Gellert Grindelwald,0.0,0.180181359045,0.0,0.184160353535,0.0,0.0,0.0,0.0,0.0,0.0,0.0,0.172347386913,0.0,0.0,0.11369047619,0.203159013605,0.0,0.0,0.0,0.0,0.0,0.0,0.0,0.0,0.0,0.0,0.0,0.0,0.0,0.0,0.0,0.0,0.0,0.0,0.0,0.0,0.0,0.0,0.0,0.0,0.0935,0.0,0.2175,0.0,0.0,0.0,0.0,0.0,0.0,0.0,0.0,0.0,0.0,0.0,0.0,0.0,0.0333333333333,0.0,0.2,0.0,0.0,0.0,0.0,0.0,0.0,0.0,0.0,0.0,0.0,0.0,0.0,0.0,0.0,0.0,0.0,0.0,0.0,0.0,0.0,0.0,0.0,0.0,0.0,0.0,0.0,0.0,0.0,0.275,0.0,0.0,0.0,0.0,0.0,0.0,0.0,0.0,0.0,0.0,0.0,0.0,0.0,0.0,0.0,0.0,0.071875,0.0,0.0,0.2,0.0
George Weasley,0.0,0.0111111111111,0.0,0.0111111111111,0.0,0.0,0.0,0.203571428571,0.0,0.0,0.0,0.0111111111111,0.138199104915,0.0,0.0,0.152661468667,0.05,0.0,0.0,0.0,0.138121799225,0.0,0.0,0.0,0.0,0.0,0.0902777777778,0.0,0.0,0.0,0.197222222222,0.0,0.1,0.0,0.144800986051,0.140307217774,0.180277777778,0.0,0.0,0.136956274205,0.0,0.0,0.159533820758,0.0,0.0,0.0,0.116639109347,0.25,0.0,0.0,0.0,0.0,0.124404761905,0.219444444444,0.133333333333,0.0,0.1,0.0,0.0,0.0,0.0,0.0,0.0,0.0,0.0,0.261111111111,0.0,0.136718372071,0.159410430839,0.0,0.0,0.0,0.203571428571,0.0,0.0,0.0,0.0,0.0,0.136748376305,0.0,0.161904761905,0.242857142857,0.0,0.0,0.0,0.242857142857,0.0898115079365,0.0,0.05,0.134791630812,0.0,0.169257054674,0.2,0.0,0.0,0.373263888889,0.203571428571,0.0,0.0,0.183928571429,0.0892055860806,0.0,0.0,0.141666666667,0.0,0.0,0.1369496633,0.0,0.0
Ginevra Weasley,0.0,0.08,0.0,0.142350088183,0.0,0.0,0.0,0.200380385488,0.0,0.0,0.0,0.08,0.133803367387,0.0,0.0,0.158150823271,0.16875,0.0,0.0,0.0,0.133212056769,0.125,0.0,0.141666666667,0.0,0.0,0.0902777777778,0.0,0.0,0.0,0.197222222222,0.0,0.14375,0.0333333333333,0.182892783657,0.134882513088,0.216604938272,0.0,0.136956274205,0.0,0.0,0.0,0.162207175926,0.0,0.0,0.0,0.137300913042,0.25,0.0,0.0,0.0833333333333,0.0,0.114947089947,0.190625,0.2,0.191964285714,0.11875,0.0,0.14591575477,0.0,0.0,0.0,0.0,0.0,0.0,0.375,0.0916666666667,0.131885016835,0.161904761905,0.0,0.210279882155,0.0,0.200380385488,0.0,0.25,0.0,0.0,0.0,0.132571697482,0.0,0.242857142857,0.242857142857,0.0,0.0333333333333,0.0,0.242857142857,0.0534557823129,0.0,0.05,0.135664239016,0.0,0.167804232804,0.2,0.0,0.0,0.244225589226,0.183928571429,0.0,0.0,0.190957837302,0.0485714285714,0.25,0.0,0.141666666667,0.0,0.0,0.131947923556,0.0,0.0
Godric Gryffindor,0.1375,0.199791170635,0.0,0.208166170635,0.0,0.0,0.0,0.0,0.0,0.0,0.124074074074,0.211666170635,0.0,0.0,0.160844017094,0.159996129449,0.155853174603,0.124074074074,0.0,0.0,0.0,0.0,0.0,0.227314814815,0.0,0.0,0.0,0.0,0.0,0.0,0.0,0.0,0.0,0.4,0.0,0.0,0.0,0.0935,0.0,0.0,0.0,0.0,0.120839034848,0.286666666667,0.0866666666667,0.240277777778,0.144104111552,0.0,0.125826719577,0.0,0.0166666666667,0.0,0.0,0.0,0.0,0.00833333333333,0.0963541666667,0.0,0.025,0.0,0.0,0.0,0.0,0.0,0.0,0.0,0.225555555556,0.0,0.0,0.0,0.0,0.0,0.0,0.173333333333,0.0,0.0,0.0,0.0,0.0,0.0,0.0,0.305386904762,0.0,0.4,0.0,0.261369047619,0.0,0.0,0.0,0.114487433862,0.286666666667,0.0,0.166666666667,0.352857142857,0.0,0.174702380952,0.174246031746,0.0,0.0,0.0,0.0,0.0,0.0,0.0,0.14375,0.0,0.0,0.025,0.240277777778
Hannah Abbott,0.0,0.0,0.0,0.0,0.0,0.0,0.0,0.0,0.0,0.0,0.0,0.0,0.0,0.0,0.0,0.281859410431,0.0,0.0,0.0,0.0,0.0,0.0,0.0,0.0,0.0,0.0,0.0,0.0,0.0,0.0,0.0,0.0,0.0,0.0,0.0,0.266666666667,0.0,0.0,0.0,0.0,0.0,0.0,0.244727891156,0.0,0.0,0.0,0.0,0.0,0.0,0.0,0.0,0.0,0.0,0.0,0.266666666667,0.0,0.222789115646,0.0,0.0,0.0,0.0,0.0,0.0,0.0,0.0,0.266666666667,0.0,0.0,0.0,0.0,0.0,0.0,0.0,0.0,0.0,0.0,0.0,0.0,0.0,0.0,0.0,0.0,0.0,0.0,0.0,0.0,0.0,0.0,0.0,0.0,0.0,0.0,0.0,0.0,0.222789115646,0.0,0.0,0.0,0.0,0.0,0.0,0.0,0.0,0.0,0.0,0.0,0.0,0.0,0.0
Harry Potter,0.1625,0.165749227624,0.125,0.164960490423,0.15,0.0,0.09375,0.17770143613,0.0,0.0,0.325,0.166573403113,0.148770274959,0.0,0.147040598291,0.176539288734,0.192080291005,0.325,0.248611111111,0.165277777778,0.148275634008,0.119642857143,0.131481481481,0.177237654321,0.284325396825,0.0,0.0,0.147083333333,0.162141215891,0.17185515873,0.140613977072,0.0,0.130154761905,0.250267857143,0.203792989418,0.163725885226,0.3035,0.2175,0.159533820758,0.162207175926,0.120839034848,0.244727891156,0.0,0.157965367965,0.0907777777778,0.126666666667,0.155710225578,0.268055555556,0.1625,0.0,0.139779348619,0.0,0.0860347985348,0.0240740740741,0.17619047619,0.135387655616,0.195962553442,0.172235704111,0.145991379598,0.0,0.0,0.1,0.325,0.153703703704,0.213370811287,0.201597063068,0.171925925926,0.15714159738,0.140720238095,0.180889550265,0.162229123533,0.0,0.175305916306,0.223714285714,0.0,0.0625,0.0,0.0,0.154176587302,0.112916666667,0.205194805195,0.164261889731,0.2825,0.237083333333,0.153703703704,0.208311287478,0.158460948402,0.20139619883,0.169808201058,0.156177516735,0.143685515873,0.178688029547,0.232459372638,0.0361111111111,0.0891156462585,0.169206284919,0.208732339863,0.256666666667,0.0,0.172602539683,0.161361940075,0.176666666667,0.253158068783,0.168759398496,0.151554232804,0.0,0.154954227965,0.13193019943,0.126666666667
Helena Ravenclaw,0.0,0.0,0.0,0.0,0.375,0.0,0.375,0.0,0.0,0.0,0.0,0.0,0.0,0.0,0.0,0.138958333333,0.0,0.0,0.0,0.0,0.0,0.0,0.0,0.0,0.0,0.0,0.0,0.0,0.0,0.0,0.0,0.0,0.0,0.133333333333,0.0,0.0,0.0,0.0,0.0,0.0,0.286666666667,0.0,0.157965367965,0.0,0.173333333333,0.0,0.0,0.0,0.0,0.0,0.0,0.0,0.0,0.0,0.0,0.0,0.256696428571,0.0,0.0,0.0,0.0,0.0,0.0,0.0,0.325892857143,0.0,0.4,0.0,0.0,0.0,0.0,0.0,0.0,0.173333333333,0.0,0.0,0.0,0.0,0.0,0.0,0.0,0.173333333333,0.0,0.4,0.0,0.173333333333,0.0,0.0,0.0,0.0,0.1436996337,0.0,0.0,0.0,0.0,0.0,0.173333333333,0.0,0.0,0.0,0.0,0.0,0.325892857143,0.0,0.0,0.0,0.0,0.3125,0.0
Helga Hufflepuff,0.0,0.0,0.0,0.0,0.0,0.0,0.0,0.0,0.0,0.0,0.0,0.0,0.0,0.0,0.0,0.14912037037,0.0,0.0,0.0,0.0,0.0,0.0,0.0,0.0,0.0,0.0,0.0,0.0,0.0,0.0,0.0,0.0,0.0,0.0,0.0,0.0,0.0,0.0,0.0,0.0,0.0866666666667,0.0,0.0907777777778,0.173333333333,0.0,0.2,0.188194444444,0.0,0.0,0.0,0.0,0.0,0.0,0.0,0.0,0.0,0.25,0.0,0.0,0.0,0.0,0.0,0.0,0.0,0.25,0.0,0.0,0.0,0.0,0.0,0.0,0.0,0.0,0.173333333333,0.0,0.0,0.0,0.0,0.0,0.0,0.0,0.173333333333,0.0,0.0,0.0,0.173333333333,0.0,0.0,0.0,0.180902777778,0.173333333333,0.0,0.0,0.0,0.0,0.0,0.173333333333,0.0,0.0,0.0,0.0,0.0,0.25,0.0,0.0,0.0,0.0,0.0,0.125
Hepzibah Smith,0.0,0.0,0.0,0.0,0.0,0.0,0.0,0.0,0.0,0.0,0.0,0.0,0.0,0.0,0.0,0.198722222222,0.0,0.0,0.0,0.0,0.0,0.0,0.0,0.0,0.0,0.0,0.0,0.0,0.0,0.0,0.0,0.0,0.0,0.0,0.0,0.0,0.0,0.0,0.0,0.0,0.240277777778,0.0,0.126666666667,0.0,0.2,0.0,0.25,0.0,0.0,0.0,0.0,0.0,0.0,0.0,0.0,0.0,0.25,0.0,0.0,0.0,0.0,0.0,0.0,0.0,0.25,0.0,0.0,0.0,0.0,0.0,0.0,0.0,0.0,0.0,0.0,0.0,0.0,0.0,0.0,0.0,0.0,0.0,0.0,0.0,0.0,0.0,0.0,0.0,0.0,0.25,0.0,0.0,0.0,0.0,0.0,0.0,0.0,0.0,0.0,0.0,0.0,0.0,0.25,0.0,0.0,0.0,0.0,0.0,0.178134920635
Hermione Granger,0.0,0.124952311334,0.0,0.123838550852,0.0,0.0,0.0,0.12473015873,0.0,0.0,0.375,0.117320732387,0.136826814059,0.0,0.22702020202,0.173002854358,0.153925786689,0.375,0.0,0.0,0.121618716931,0.0,0.0,0.224074074074,0.0,0.0,0.0,0.13734375,0.150422077922,0.0,0.0,0.0,0.25279478458,0.0,0.160328483245,0.136335343915,0.366666666667,0.0,0.116639109347,0.137300913042,0.144104111552,0.0,0.155710225578,0.0,0.188194444444,0.25,0.0,0.0,0.375,0.0,0.0,0.0,0.109697420635,0.355555555556,0.0,0.139583333333,0.18025,0.183849206349,0.165925725509,0.0,0.0,0.153888888889,0.0,0.0895833333333,0.3,0.236726190476,0.10625,0.117549603175,0.105102040816,0.206830357143,0.258150953984,0.0,0.12473015873,0.09375,0.0,0.0,0.0,0.0,0.153233713624,0.28125,0.121428571429,0.145997437169,0.0,0.0,0.0895833333333,0.206773221634,0.0642047619048,0.0,0.119642857143,0.158424569019,0.0,0.186731150794,0.2,0.0722222222222,0.0,0.0684764309764,0.205384332745,0.0,0.0,0.12473015873,0.0404761904762,0.0,0.284090909091,0.0,0.0,0.0,0.13046579743,0.168770667989,0.25
Horace Slughorn,0.0,0.444444444444,0.0,0.444444444444,0.0,0.0,0.0,0.0,0.0,0.0,0.0,0.444444444444,0.25,0.0,0.0,0.221825396825,0.0,0.0,0.0,0.0,0.25,0.0,0.0,0.0,0.0,0.0,0.0,0.0,0.0,0.0,0.0,0.0,0.0,0.275,0.0,0.25,0.0,0.0,0.25,0.25,0.0,0.0,0.268055555556,0.0,0.0,0.0,0.0,0.0,0.0,0.0,0.0,0.0,0.291666666667,0.0,0.0,0.0,0.291666666667,0.0,0.2,0.0,0.0,0.0,0.0,0.0,0.444444444444,0.0,0.245833333333,0.25,0.0,0.0,0.0,0.0,0.0,0.0,0.0,0.0,0.0,0.0,0.25,0.0,0.0,0.0,0.0,0.275,0.0,0.0,0.0,0.0,0.0,0.166666666667,0.0,0.0,0.0,0.0,0.0,0.0,0.0,0.0,0.0,0.0,0.0,0.0,0.444444444444,0.0,0.0,0.0,0.25,0.0,0.0
Ignotus Peverell,0.0,0.0,0.0,0.0,0.0,0.0,0.0,0.0,0.0,0.0,0.129312865497,0.0,0.0,0.0,0.0,0.178266178266,0.0,0.129312865497,0.0,0.0,0.0,0.0,0.0,0.0,0.0,0.0,0.0,0.0,0.0,0.0,0.0,0.0,0.0,0.0,0.0,0.0,0.0,0.0,0.0,0.0,0.125826719577,0.0,0.1625,0.0,0.0,0.0,0.375,0.0,0.0,0.0,0.0,0.0,0.0,0.0,0.0,0.0,0.1625,0.0,0.0,0.0,0.0,0.0,0.1625,0.0,0.0,0.0,0.0,0.0,0.0,0.0,0.0,0.0,0.0,0.0,0.0,0.0,0.0,0.0,0.0,0.0,0.0,0.0,0.0,0.0,0.0,0.0,0.0,0.0,0.0,0.0,0.0,0.0,0.0,0.0,0.0,0.0,0.0,0.0,0.0,0.0,0.0,0.0,0.0,0.0,0.0,0.0,0.0,0.0,0.0
Igor Karkaroff,0.0,0.0,0.0,0.0,0.0,0.0,0.0,0.0,0.0,0.0,0.0,0.0,0.0,0.0,0.0,0.0,0.0,0.0,0.0,0.0,0.0,0.0,0.0,0.0,0.0,0.0,0.0,0.0,0.0,0.0,0.0,0.0,0.0,0.0,0.0,0.0,0.0,0.0,0.0,0.0,0.0,0.0,0.0,0.0,0.0,0.0,0.0,0.0,0.0,0.0,0.0,0.0,0.0,0.0,0.0,0.0,0.0,0.0,0.0,0.0,0.0,0.0,0.0,0.0,0.0,0.0,0.0,0.0,0.0,0.0,0.0,0.0,0.0,0.0,0.0,0.0,0.0,0.0,0.0,0.0,0.0,0.0,0.0,0.0,0.0,0.0,0.0,0.0,0.0,0.0,0.0,0.0,0.0,0.0,0.0,0.0,0.0,0.0,0.0,0.0,0.0,0.0,0.0,0.0,0.0,0.0,0.0,0.0,0.0
James Potter,0.0,0.155651041667,0.0,0.155651041667,0.0,0.0,0.0,0.0,0.0,0.0,0.0,0.155651041667,0.0,0.0,0.25,0.18075322606,0.230092592593,0.0,0.248611111111,0.0,0.0,0.0,0.0,0.0,0.4,0.0,0.0,0.0,0.248958333333,0.0,0.0,0.0,0.0533333333333,0.0,0.0,0.0,0.0,0.0,0.0,0.0833333333333,0.0166666666667,0.0,0.139779348619,0.0,0.0,0.0,0.0,0.0,0.0,0.0,0.0,0.0,0.0,0.0,0.125,0.135326336207,0.218836805556,0.25875,0.181322496947,0.0,0.0,0.0,0.0,0.0,0.0,0.183333333333,0.190972222222,0.0,0.0,0.35875,0.3,0.0,0.0,0.0,0.0,0.0,0.0,0.0,0.0,0.229464285714,0.0,0.288020833333,0.0,0.0,0.0,0.288020833333,0.146399136578,0.2059375,0.220138888889,0.0833333333333,0.0,0.161666666667,0.166666666667,0.0,0.0,0.179020979021,0.158537946429,0.0,0.0,0.0,0.146399136578,0.0,0.0,0.0,0.0,0.0,0.0,0.127457264957,0.0
Katie Bell,0.0,0.0,0.0,0.0,0.0,0.0,0.0,0.0,0.0,0.0,0.0,0.0,0.0,0.0,0.0,0.0,0.0,0.0,0.0,0.0,0.0,0.0,0.0,0.0,0.0,0.0,0.0,0.0,0.0,0.0,0.0,0.0,0.0,0.0,0.0,0.0,0.0,0.0,0.0,0.0,0.0,0.0,0.0,0.0,0.0,0.0,0.0,0.0,0.0,0.0,0.0,0.0,0.0,0.0,0.0,0.0,0.0,0.0,0.0,0.0,0.0,0.0,0.0,0.0,0.0,0.0,0.0,0.0,0.0,0.0,0.0,0.0,0.0,0.0,0.0,0.0,0.0,0.0,0.0,0.0,0.0,0.0,0.0,0.0,0.0,0.0,0.0,0.0,0.0,0.0,0.0,0.0,0.0,0.0,0.0,0.0,0.0,0.0,0.0,0.0,0.0,0.0,0.0,0.0,0.0,0.0,0.0,0.0,0.0
Kingsley Shacklebolt,0.0,0.0333333333333,0.0,0.0333333333333,0.0,0.0,0.0,0.121428571429,0.0,0.0,0.0,0.0333333333333,0.172619047619,0.0,0.0,0.189878408628,0.0,0.0,0.0,0.0,0.125148809524,0.0,0.0,0.0,0.0,0.0,0.0,0.0,0.0,0.0,0.0,0.0,0.0,0.146130952381,0.167526455026,0.124404761905,0.0,0.0,0.124404761905,0.114947089947,0.0,0.0,0.0860347985348,0.0,0.0,0.0,0.109697420635,0.291666666667,0.0,0.0,0.0,0.0,0.0,0.0,0.0,0.0,0.291666666667,0.0,0.0333333333333,0.0,0.0,0.0,0.0,0.0,0.0,0.0,0.205555555556,0.100119047619,0.21746031746,0.0,0.0333333333333,0.0,0.121428571429,0.0,0.0,0.0,0.0,0.0,0.125148809524,0.0,0.242857142857,0.25128968254,0.0,0.0333333333333,0.0,0.25128968254,0.0485714285714,0.0,0.0,0.124404761905,0.0,0.138095238095,0.0,0.0,0.0,0.0,0.25128968254,0.0,0.0,0.121428571429,0.0485714285714,0.0,0.0,0.0,0.0,0.0,0.125314153439,0.0,0.0
Lavender Brown,0.0,0.0,0.0,0.0,0.0,0.0,0.0,0.186111111111,0.0,0.0,0.0,0.0,0.0,0.0,0.0,0.1990625,0.186111111111,0.0,0.0,0.0,0.0,0.0,0.0,0.0,0.0,0.0,0.0,0.0,0.0,0.0,0.0,0.0,0.5,0.0,0.0,0.219444444444,0.0,0.0,0.219444444444,0.190625,0.0,0.0,0.0240740740741,0.0,0.0,0.0,0.355555555556,0.0,0.0,0.0,0.0,0.0,0.0,0.0,0.0,0.0,0.0,0.0,0.0,0.0,0.0,0.0,0.0,0.0,0.0,0.0,0.0,0.0,0.0,0.0,0.0,0.0,0.186111111111,0.0,0.0,0.0,0.0,0.0,0.0,0.0,0.0,0.0,0.0,0.0,0.0,0.0,0.0,0.0,0.0,0.132708333333,0.0,0.325,0.0,0.0,0.0,0.0,0.0,0.0,0.0,0.186111111111,0.0,0.0,0.0,0.0,0.0,0.0,0.0,0.0,0.0
Lee Jordan,0.0,0.0,0.0,0.0,0.0,0.0,0.0,0.0,0.0,0.0,0.0,0.0,0.0,0.0,0.0,0.116666666667,0.0,0.0,0.0,0.0,0.0,0.239285714286,0.0,0.0,0.0,0.0,0.0,0.0,0.0,0.0,0.0,0.0,0.0,0.0,0.0,0.222222222222,0.0,0.0,0.133333333333,0.2,0.0,0.266666666667,0.17619047619,0.0,0.0,0.0,0.0,0.0,0.0,0.0,0.125,0.0,0.0,0.0,0.0,0.125,0.0,0.0,0.0,0.0,0.0,0.0,0.0,0.0,0.0,0.266666666667,0.0,0.0,0.0,0.0,0.0,0.0,0.0,0.0,0.0,0.0,0.0,0.0,0.0,0.0,0.0,0.0,0.0,0.0,0.0,0.0,0.0,0.0,0.0,0.166666666667,0.0,0.0,0.0,0.0,0.0,0.0,0.0,0.0,0.0,0.0,0.0,0.0,0.0,0.0,0.0,0.0,0.0,0.0,0.0
Lily Potter,0.0,0.142852564103,0.0,0.165647759104,0.0,0.0,0.0,0.0,0.0,0.0,0.0,0.142852564103,0.0,0.0,0.25,0.174980812811,0.230092592593,0.0,0.248611111111,0.0,0.0,0.0,0.0,0.0,0.4,0.0,0.0,0.0,0.22919973545,0.0,0.0,0.0,0.0533333333333,0.0,0.0,0.0,0.0,0.0,0.0,0.191964285714,0.00833333333333,0.0,0.135387655616,0.0,0.0,0.0,0.139583333333,0.0,0.0,0.0,0.135326336207,0.0,0.0,0.0,0.125,0.0,0.231188271605,0.216435185185,0.181322496947,0.0,0.0,0.0,0.0,0.0,0.0,0.0916666666667,0.163229166667,0.0,0.0,0.317399691358,0.0,0.0,0.0,0.0,0.0,0.0,0.0,0.0,0.0,0.0,0.213888888889,0.261979166667,0.0,0.0,0.0,0.261979166667,0.105982905983,0.2059375,0.220138888889,0.114583333333,0.0,0.161666666667,0.166666666667,0.0,0.0,0.157973232323,0.151458333333,0.0,0.0,0.0,0.105982905983,0.0,0.0,0.0,0.0,0.0,0.0,0.127457264957,0.0
Lord Voldemort,0.0,0.237447916667,0.1,0.237447916667,0.375,0.0,0.375,0.122916666667,0.0,0.0,0.1625,0.237447916667,0.1,0.0,0.0,0.195071844458,0.215641534392,0.1625,0.0,0.05,0.1,0.0,0.0,0.166666666667,0.0,0.0,0.0,0.0,0.167012051734,0.0,0.0,0.0,0.195833333333,0.183333333333,0.0,0.1203125,0.0,0.0333333333333,0.1,0.11875,0.0963541666667,0.222789115646,0.195962553442,0.256696428571,0.25,0.25,0.18025,0.291666666667,0.1625,0.0,0.218836805556,0.0,0.291666666667,0.0,0.0,0.231188271605,0.0,0.194212962963,0.125,0.0,0.0,0.0,0.0708333333333,0.0,0.262136243386,0.329166666667,0.194444444444,0.137037037037,0.0,0.212108262108,0.131373015873,0.0,0.122916666667,0.275,0.0,0.0,0.0,0.0,0.1,0.154166666667,0.0,0.258611111111,0.286730769231,0.0,0.0,0.272121212121,0.125,0.0,0.0,0.194047619048,0.233630952381,0.252678571429,0.0,0.5,0.222789115646,0.105883394383,0.194288194444,0.0,0.0,0.122916666667,0.125,0.0,0.264672619048,0.05,0.0,0.0,0.1,0.0,0.25
Lucius Malfoy,0.0,0.322222222222,0.0,0.0,0.0,0.0,0.0,0.0,0.0,0.0,0.0,0.0,0.214814814815,0.0,0.0,0.18538601243,0.270833333333,0.0,0.0,0.05,0.0,0.0,0.131481481481,0.0,0.0,0.0,0.0,0.0,0.145064849932,0.0,0.0,0.0,0.173765432099,0.0,0.0,0.0,0.0,0.0,0.0,0.0,0.0,0.0,0.172235704111,0.0,0.0,0.0,0.183849206349,0.0,0.0,0.0,0.25875,0.0,0.0,0.0,0.0,0.216435185185,0.194212962963,0.0,0.0,0.0,0.0,0.0,0.0,0.0,0.0,0.0333333333333,0.0,0.0,0.0,0.154966625024,0.322222222222,0.0,0.0,0.0,0.0,0.0,0.0,0.0,0.214814814815,0.05,0.0,0.171567460317,0.322222222222,0.0,0.0,0.171567460317,0.0,0.0,0.0,0.152586580087,0.0,0.0,0.0,0.0,0.0,0.134656084656,0.171567460317,0.0,0.0,0.0,0.0,0.0,0.0,0.0,0.0,0.0,0.0,0.0,0.0
Luna Lovegood,0.0,0.175,0.0,0.175,0.5,0.0,0.0,0.0,0.0,0.0,0.0,0.175,0.0,0.0,0.0,0.167467178898,0.125,0.0,0.0,0.0,0.0,0.196604938272,0.0,0.181555250305,0.0,0.0,0.0,0.0,0.0,0.0,0.0,0.25,0.0,0.269444444444,0.092791005291,0.0,0.0,0.2,0.0,0.14591575477,0.025,0.0,0.145991379598,0.0,0.0,0.0,0.165925725509,0.2,0.0,0.0,0.181322496947,0.0,0.0333333333333,0.0,0.0,0.181322496947,0.125,0.0,0.0,0.0,0.0,0.0,0.0,0.0,0.0,0.09,0.210442386831,0.0,0.0,0.0,0.241529882155,0.0,0.0,0.0,0.25,0.0,0.0,0.0,0.0,0.0,0.0,0.0,0.0,0.216666666667,0.0,0.0,0.0846153846154,0.0,0.0,0.161887976992,0.0,0.104166666667,0.0,0.0,0.25,0.201447811448,0.0,0.0,0.0,0.0,0.0846153846154,0.25,0.0,0.0,0.05625,0.0,0.103075396825,0.126916453567,0.0
Madam Malkin,0.0,0.0,0.0,0.0,0.0,0.0,0.0,0.0,0.0,0.0,0.0,0.0,0.0,0.0,0.0,0.108601319316,0.12343524531,0.0,0.0,0.0,0.0,0.0,0.0,0.0,0.0,0.0,0.0,0.0,0.0,0.0,0.0,0.0,0.0,0.0,0.0,0.0,0.0,0.0,0.0,0.0,0.0,0.0,0.0,0.0,0.0,0.0,0.0,0.0,0.0,0.0,0.0,0.0,0.0,0.0,0.0,0.0,0.0,0.0,0.0,0.0,0.0584776334776,0.0,0.0,0.0,0.0,0.0,0.0,0.0,0.0,0.0,0.0,0.0,0.0,0.0,0.0,0.0,0.0,0.0,0.0,0.0,0.0,0.0,0.0,0.0,0.0,0.0,0.0,0.0,0.108601319316,0.0,0.0,0.0,0.0,0.0,0.0,0.0,0.0,0.0,0.0,0.0,0.0,0.0,0.0,0.0,0.0,0.0,0.0,0.0,0.0
Madam Rosmerta,0.0,0.0,0.0,0.0,0.0,0.0,0.0,0.0,0.0,0.0,0.0,0.0,0.0,0.0,0.0,0.108601319316,0.12343524531,0.0,0.0,0.0,0.0,0.0,0.0,0.0,0.0,0.0,0.0,0.0,0.0,0.0,0.0,0.0,0.0,0.0,0.0,0.0,0.0,0.0,0.0,0.0,0.0,0.0,0.0,0.0,0.0,0.0,0.0,0.0,0.0,0.0,0.0,0.0,0.0,0.0,0.0,0.0,0.0,0.0,0.0,0.0584776334776,0.0,0.0,0.0,0.0,0.0,0.0,0.0,0.0,0.0,0.0,0.0,0.0,0.0,0.0,0.0,0.0,0.0,0.0,0.0,0.0,0.0,0.0,0.0,0.0,0.0,0.0,0.0,0.0,0.108601319316,0.0,0.0,0.0,0.0,0.0,0.0,0.0,0.0,0.0,0.0,0.0,0.0,0.0,0.0,0.0,0.0,0.0,0.0,0.0,0.0
Mafalda Hopkirk,0.0,0.0,0.0,0.0,0.0,0.0,0.0,0.0,0.0,0.0,0.0,0.0,0.0,0.0,0.0,0.171626984127,0.0,0.0,0.0,0.0,0.0,0.0,0.0,0.0,0.0,0.0,0.0,0.0,0.0,0.0,0.0,0.0,0.0,0.0,0.0,0.0,0.0,0.0,0.0,0.0,0.0,0.0,0.1,0.0,0.0,0.0,0.153888888889,0.0,0.0,0.0,0.0,0.0,0.0,0.0,0.0,0.0,0.0,0.0,0.0,0.0,0.0,0.0,0.0,0.0,0.0,0.0,0.0,0.0,0.0,0.0,0.0,0.0,0.0,0.0,0.0,0.0,0.0,0.0,0.0,0.0,0.0,0.0,0.0,0.0,0.0,0.0,0.0,0.0,0.0,0.15,0.0,0.0,0.0,0.0,0.0,0.0,0.0,0.0,0.0,0.0,0.0,0.0,0.0,0.0,0.0,0.0,0.0,0.0,0.0
Marvolo Gaunt,0.0,0.0,0.0,0.0,0.0,0.0,0.0,0.0,0.0,0.0,0.1625,0.0,0.0,0.0,0.0,0.0924768518519,0.0,0.1625,0.0,0.0,0.0,0.0,0.0,0.0,0.0,0.0,0.0,0.0,0.0,0.0,0.0,0.0,0.0,0.0,0.0,0.0,0.0,0.0,0.0,0.0,0.0,0.0,0.325,0.0,0.0,0.0,0.0,0.0,0.1625,0.0,0.0,0.0,0.0,0.0,0.0,0.0,0.0708333333333,0.0,0.0,0.0,0.0,0.0,0.0,0.0,0.0,0.0,0.0,0.0,0.0,0.0,0.0,0.0,0.0,0.0,0.0,0.0,0.0,0.0,0.0,0.0,0.0,0.0,0.0,0.0,0.0,0.0,0.0,0.0,0.0,0.0,0.0,0.0,0.0,0.0,0.0,0.0,0.0,0.0,0.0,0.0,0.0,0.0,0.0,0.0,0.0,0.0,0.0,0.0,0.0
Mary Cattermole,0.0,0.0,0.0,0.0,0.0,0.0,0.0,0.0,0.0,0.0,0.0,0.0,0.0,0.0,0.0,0.155819088319,0.0,0.0,0.0,0.0,0.0,0.0,0.0,0.0,0.0,0.0,0.0,0.0733564814815,0.0,0.0,0.0,0.0,0.0,0.0,0.0,0.0,0.0,0.0,0.0,0.0,0.0,0.0,0.153703703704,0.0,0.0,0.0,0.0895833333333,0.0,0.0,0.0,0.0,0.0,0.0,0.0,0.0,0.0,0.0,0.0,0.0,0.0,0.0,0.0,0.0,0.0,0.0763888888889,0.0,0.0,0.0,0.0,0.0,0.0,0.0,0.0,0.0,0.0,0.0,0.0,0.0,0.0,0.0,0.0,0.0,0.0,0.0,0.131434375337,0.0,0.0,0.0,0.0,0.0625,0.0,0.0,0.0,0.0,0.0,0.0,0.0,0.0,0.0,0.0,0.0,0.0,0.0,0.0,0.0,0.0,0.0,0.0,0.0
Mary Riddle,0.0,0.444444444444,0.0,0.444444444444,0.0,0.0,0.0,0.0,0.0,0.0,0.0,0.444444444444,0.0,0.0,0.0,0.219199346405,0.0,0.0,0.0,0.0,0.0,0.0,0.0,0.0,0.0,0.0,0.0,0.0,0.0,0.0,0.0,0.0,0.0,0.0,0.0,0.0,0.0,0.0,0.0,0.0,0.0,0.0,0.213370811287,0.325892857143,0.25,0.25,0.3,0.444444444444,0.0,0.0,0.0,0.0,0.0,0.0,0.0,0.0,0.262136243386,0.0,0.0,0.0,0.0,0.0,0.0,0.0763888888889,0.0,0.0,0.0,0.0,0.0,0.0,0.0,0.0,0.0,0.0,0.0,0.0,0.0,0.0,0.0,0.0,0.0,0.0,0.0,0.0,0.0,0.0,0.0,0.0,0.0,0.222222222222,0.325892857143,0.0,0.0,0.0,0.0,0.0,0.0,0.0,0.0,0.0,0.0,0.0,0.208059056956,0.0,0.0,0.0,0.0,0.0,0.25
Michael Corner,0.0,0.375,0.0,0.375,0.0,0.0,0.0,0.0,0.0,0.0,0.0,0.375,0.5,0.0,0.0,0.178111471861,0.0,0.0,0.0,0.0,0.35,0.25,0.0,0.0,0.0,0.0,0.0,0.0,0.0333333333333,0.0,0.0,0.0,0.0,0.0,0.2,0.2625,0.0,0.0,0.261111111111,0.375,0.0,0.266666666667,0.201597063068,0.0,0.0,0.0,0.236726190476,0.0,0.0,0.0,0.183333333333,0.0,0.0,0.0,0.266666666667,0.0916666666667,0.329166666667,0.0333333333333,0.09,0.0,0.0,0.0,0.0,0.0,0.0,0.0,0.0,0.5,0.0,0.0333333333333,0.0,0.0,0.0,0.0,0.0833333333333,0.0,0.0,0.0,0.166666666667,0.0,0.0,0.181944444444,0.0,0.0,0.0,0.181944444444,0.5,0.0,0.0,0.235089285714,0.0,0.198611111111,0.0,0.0,0.0,0.0,0.287962962963,0.0,0.0,0.0,0.5,0.05,0.283333333333,0.0,0.0,0.0,0.5,0.0,0.0
Minerva McGonagall,0.0,0.0,0.0,0.0,0.364814814815,0.0,0.2375,0.0,0.0,0.0,0.0,0.0,0.0,0.0,0.0,0.186632630017,0.0,0.0,0.0,0.0,0.0,0.0,0.0,0.0,0.0,0.0,0.0,0.0,0.0,0.0,0.0,0.0,0.0,0.242261904762,0.0,0.0,0.0,0.0,0.0,0.0916666666667,0.225555555556,0.0,0.171925925926,0.4,0.0,0.0,0.10625,0.245833333333,0.0,0.0,0.190972222222,0.0,0.205555555556,0.0,0.0,0.163229166667,0.194444444444,0.0,0.210442386831,0.0,0.0,0.0,0.0,0.0,0.0,0.0,0.0,0.0,0.0,0.0,0.0333333333333,0.0,0.0,0.0,0.0,0.0,0.0,0.0,0.0,0.0,0.0,0.385416666667,0.0,0.260119047619,0.0,0.385416666667,0.0,0.0,0.0,0.10625,0.4,0.0333333333333,0.0,0.105,0.0,0.153072916667,0.385416666667,0.0,0.0,0.0,0.0,0.0,0.0,0.0,0.0,0.0,0.0,0.270833333333,0.0
Molly Weasley,0.0,0.00833333333333,0.0,0.00833333333333,0.0,0.0,0.0,0.232589285714,0.0,0.0,0.0,0.00833333333333,0.136042544493,0.0,0.0,0.158629322905,0.142592592593,0.0,0.0,0.0,0.133691346422,0.0,0.0,0.0,0.0,0.0,0.0902777777778,0.0,0.0,0.0,0.197222222222,0.0,0.1,0.0,0.17629574515,0.133940261426,0.180277777778,0.0,0.136718372071,0.131885016835,0.0,0.0,0.15714159738,0.0,0.0,0.0,0.117549603175,0.25,0.0,0.0,0.0,0.0,0.100119047619,0.0,0.0,0.0,0.137037037037,0.0,0.0,0.0,0.0,0.0,0.0,0.0,0.0,0.5,0.0,0.0,0.242857142857,0.0,0.0,0.0,0.232589285714,0.0,0.0,0.0,0.0,0.0,0.133566033138,0.0,0.242857142857,0.242857142857,0.0,0.0,0.0,0.242857142857,0.0242857142857,0.0,0.05,0.1287911968,0.0,0.126970899471,0.2,0.0,0.0,0.475,0.164285714286,0.0,0.0,0.196726190476,0.0269841269841,0.0,0.0,0.141666666667,0.0,0.0,0.13213640992,0.0,0.0
Mundungus Fletcher,0.0,0.0,0.354938271605,0.0,0.0,0.0,0.0,0.161904761905,0.0,0.0,0.0,0.0,0.294620811287,0.0,0.0,0.160632177151,0.0,0.0,0.0,0.0,0.242857142857,0.0,0.0,0.0,0.0,0.0,0.0,0.0,0.0,0.0,0.0,0.0,0.0,0.0,0.0925198412698,0.189252645503,0.0,0.0,0.159410430839,0.161904761905,0.0,0.0,0.140720238095,0.0,0.0,0.0,0.105102040816,0.0,0.0,0.0,0.0,0.0,0.21746031746,0.0,0.0,0.0,0.0,0.0,0.0,0.0,0.0,0.0,0.0,0.0,0.0,0.0,0.0,0.242857142857,0.0,0.166666666667,0.0,0.0,0.161904761905,0.0,0.0,0.0,0.0,0.0,0.242857142857,0.0,0.242857142857,0.242857142857,0.0,0.0,0.0,0.242857142857,0.328571428571,0.0,0.0,0.121428571429,0.0,0.210052910053,0.0,0.0,0.0,0.0,0.161904761905,0.0,0.0,0.161904761905,0.328571428571,0.0,0.0,0.0,0.0,0.0,0.154489795918,0.0,0.0
Narcissa Malfoy,0.0,0.322222222222,0.0,0.0,0.0,0.0,0.0,0.0,0.0,0.0,0.0,0.0,0.322222222222,0.0,0.0,0.196667582418,0.251194444444,0.0,0.0,0.05,0.0,0.0,0.131481481481,0.0,0.0,0.0,0.0,0.0,0.149161349725,0.0,0.0,0.0,0.205555555556,0.0,0.0,0.0,0.0,0.0,0.0,0.0,0.0,0.0,0.180889550265,0.0,0.0,0.0,0.206830357143,0.0,0.0,0.0,0.35875,0.0,0.0,0.0,0.0,0.317399691358,0.212108262108,0.154966625024,0.0,0.0,0.0,0.0,0.0,0.0,0.0,0.0333333333333,0.0,0.0,0.166666666667,0.0,0.322222222222,0.0,0.0,0.0,0.0,0.0,0.0,0.0,0.322222222222,0.05,0.0,0.171567460317,0.322222222222,0.0,0.0,0.171567460317,0.0,0.0,0.0,0.171956349206,0.0,0.0,0.0,0.0,0.0,0.180324074074,0.171567460317,0.0,0.0,0.0,0.0,0.0,0.0,0.0,0.0,0.0,0.0,0.0,0.0
Neville Longbottom,0.0,0.274074074074,0.0,0.25,0.0,0.0,0.0,0.25,0.0,0.0,0.0,0.25,0.322222222222,0.0,0.0,0.17512289916,0.0,0.0,0.0,0.0,0.0,0.0,0.375,0.0,0.0,0.0,0.0,0.0,0.322222222222,0.0,0.0,0.0,0.322222222222,0.0333333333333,0.0,0.0,0.0,0.0,0.0,0.210279882155,0.0,0.0,0.162229123533,0.0,0.0,0.0,0.258150953984,0.0,0.0,0.0,0.3,0.0,0.0333333333333,0.0,0.0,0.0,0.131373015873,0.322222222222,0.241529882155,0.0,0.0,0.0,0.0,0.0,0.0,0.0,0.0333333333333,0.0,0.0,0.322222222222,0.0,0.0,0.25,0.375,0.0,0.0,0.0,0.0,0.322222222222,0.0,0.0,0.0,0.322222222222,0.0871031746032,0.0,0.0,0.0,0.0,0.0,0.226317597746,0.0,0.104166666667,0.0,0.0,0.0,0.149635241302,0.0,0.0,0.0,0.25,0.0,0.0,0.0,0.0,0.0,0.0,0.0,0.4,0.0
Nicolas Flamel,0.0,0.0,0.0,0.0,0.0,0.0,0.0,0.0,0.0,0.0,0.0,0.0,0.0,0.0,0.34478021978,0.34478021978,0.0,0.0,0.0,0.0,0.0,0.0,0.0,0.0,0.0,0.0,0.0,0.0,0.0,0.0,0.0,0.0,0.0,0.0,0.0,0.0,0.0,0.0,0.0,0.0,0.0,0.0,0.0,0.0,0.0,0.0,0.0,0.0,0.0,0.0,0.0,0.0,0.0,0.0,0.0,0.0,0.0,0.0,0.0,0.0,0.0,0.0,0.0,0.0,0.0,0.0,0.0,0.0,0.0,0.0,0.0,0.0,0.0,0.0,0.0,0.0,0.0,0.0,0.0,0.0,0.0,0.0,0.0,0.0,0.0,0.0,0.0,0.0,0.0,0.0,0.0,0.0,0.0,0.0,0.0,0.0,0.0,0.0,0.0,0.0,0.0,0.0,0.0,0.0,0.0,0.0,0.0,0.0,0.0
Nymphadora Tonks,0.0,0.0,0.0,0.0,0.0,0.0,0.0,0.136070993031,0.0,0.0,0.0,0.0,0.183928571429,0.0,0.0333333333333,0.14749870801,0.0930555555556,0.0,0.0,0.0,0.122619047619,0.0,0.0,0.0,0.144444444444,0.0,0.163333333333,0.0,0.0,0.0,0.0,0.0,0.0,0.0,0.0809523809524,0.149785147392,0.0,0.0,0.203571428571,0.200380385488,0.0,0.0,0.175305916306,0.0,0.0,0.0,0.12473015873,0.0,0.0,0.0,0.0,0.0,0.121428571429,0.186111111111,0.0,0.0,0.122916666667,0.0,0.0,0.0,0.0,0.0,0.0,0.0,0.0,0.0,0.0,0.232589285714,0.161904761905,0.0,0.25,0.0,0.0,0.0,0.0,0.0,0.0,0.0,0.183928571429,0.0,0.242857142857,0.242857142857,0.0,0.0,0.0,0.242857142857,0.139767515052,0.0,0.0,0.19737654321,0.0,0.19255952381,0.0,0.0,0.0,0.0,0.183928571429,0.0,0.0,0.140765104967,0.166943400167,0.0,0.0,0.0,0.0,0.0,0.122142857143,0.0,0.0
Oliver Wood,0.0,0.0,0.222857142857,0.0,0.0,0.0,0.0,0.0,0.0,0.0,0.0,0.0,0.0,0.0,0.0,0.223349867725,0.0,0.0,0.0,0.0,0.0,0.0,0.375,0.0,0.0,0.0,0.0,0.0,0.0,0.0,0.0,0.0,0.0,0.0,0.0,0.0,0.0,0.0,0.0,0.0,0.173333333333,0.0,0.223714285714,0.173333333333,0.173333333333,0.0,0.09375,0.0,0.0,0.0,0.0,0.0,0.0,0.0,0.0,0.0,0.275,0.0,0.0,0.0,0.0,0.0,0.0,0.0,0.0,0.0,0.0,0.0,0.0,0.0,0.375,0.0,0.0,0.0,0.0,0.0,0.0,0.0,0.0,0.0,0.0,0.173333333333,0.0,0.0,0.0,0.173333333333,0.0,0.0,0.0,0.0,0.173333333333,0.0,0.0,0.0,0.0,0.0,0.173333333333,0.0,0.0,0.0,0.0,0.0,0.0,0.0,0.0,0.0,0.0,0.0,0.0
Padma Patil,0.0,0.0,0.0,0.0,0.0,0.0,0.0,0.0,0.0,0.0,0.0,0.0,0.0,0.0,0.0,0.25,0.0,0.0,0.0,0.0,0.0,0.25,0.0,0.0,0.0,0.0,0.0,0.0,0.0,0.0,0.0,0.0,0.0,0.0,0.0,0.0,0.0,0.0,0.0,0.25,0.0,0.0,0.0,0.0,0.0,0.0,0.0,0.0,0.0,0.0,0.0,0.0,0.0,0.0,0.0,0.0,0.0,0.0,0.25,0.0,0.0,0.0,0.0,0.0,0.0,0.0833333333333,0.0,0.0,0.0,0.0,0.0,0.0,0.0,0.0,0.0,0.0,0.0,0.0,0.0,0.0,0.0,0.0,0.0,0.0,0.0,0.0,0.0,0.0,0.0,0.0,0.0,0.0,0.0,0.0,0.0,0.0,0.0,0.0,0.0,0.0,0.0,0.0833333333333,0.0,0.0,0.0,0.0,0.0,0.0,0.0
Pansy Parkinson,0.0,0.0,0.0,0.0,0.0,0.0,0.0,0.0,0.0,0.0,0.0,0.0,0.0,0.0,0.0,0.3375,0.0,0.0,0.0,0.0,0.0,0.0,0.0,0.0,0.0,0.0,0.0,0.0,0.0,0.0,0.0,0.0,0.0,0.0,0.0,0.0,0.0,0.0,0.0,0.0,0.0,0.0,0.0625,0.0,0.0,0.0,0.0,0.0,0.0,0.0,0.0,0.0,0.0,0.0,0.0,0.0,0.0,0.0,0.0,0.0,0.0,0.0,0.0,0.0,0.0,0.0,0.0,0.0,0.0,0.0,0.0,0.0,0.0,0.0,0.0,0.0,0.0,0.0,0.0,0.0,0.0,0.0,0.0,0.0,0.0,0.0,0.0,0.0,0.0,0.0,0.0,0.0,0.0,0.475,0.0,0.0,0.0,0.0,0.0,0.0,0.0,0.0,0.0,0.0,0.0,0.0,0.0,0.0,0.0
Parvati Patil,0.0,0.0,0.0,0.0,0.0,0.0,0.0,0.0,0.0,0.0,0.0,0.0,0.0,0.0,0.0,0.375,0.0,0.0,0.0,0.0,0.0,0.0,0.0,0.1875,0.0,0.0,0.0,0.0,0.0,0.0,0.0,0.0,0.0,0.0,0.0,0.0,0.0,0.0,0.0,0.0,0.0,0.0,0.0,0.0,0.0,0.0,0.0,0.0,0.0,0.0,0.0,0.0,0.0,0.0,0.0,0.0,0.0,0.0,0.0,0.0,0.0,0.0,0.0,0.0,0.0,0.0,0.0,0.0,0.0,0.0,0.0,0.0,0.0,0.0,0.0,0.0,0.0,0.0,0.0,0.0,0.0,0.0,0.0,0.0,0.0,0.0,0.0,0.0,0.0,0.0,0.0,0.0,0.0,0.0,0.0,0.0,0.0,0.0,0.0,0.0,0.0,0.0,0.0,0.0,0.0,0.0,0.0,0.0,0.0
Penelope Clearwater,0.0,0.0,0.0,0.0,0.0,0.0,0.0,0.0,0.0,0.0,0.0,0.0,0.0,0.0,0.0,0.0,0.0,0.0,0.0,0.0,0.0,0.0,0.0,0.0,0.0,0.0,0.0,0.0,0.0,0.0,0.0,0.0,0.0,0.0,0.0,0.0,0.0,0.0,0.0,0.0,0.0,0.0,0.0,0.0,0.0,0.0,0.0,0.0,0.0,0.0,0.0,0.0,0.0,0.0,0.0,0.0,0.0,0.0,0.0,0.0,0.0,0.0,0.0,0.0,0.0,0.0,0.0,0.0,0.0,0.0,0.0,0.0,0.0,0.0,0.0,0.0,0.0,0.0,0.0,0.0,0.0,0.0,0.0,0.0,0.0,0.0,0.0,0.0,0.0,0.0,0.0,0.0,0.0,0.0,0.0,0.0,0.0,0.0,0.0,0.0,0.0,0.0,0.0,0.0,0.0,0.0,0.0,0.0,0.0
Percy Weasley,0.0,0.0888888888889,0.0,0.0111111111111,0.0,0.0,0.0,0.183928571429,0.0,0.0,0.0,0.0111111111111,0.13583699579,0.0,0.0,0.155672810661,0.05,0.0,0.0,0.0,0.134216805593,0.0,0.0,0.0,0.0,0.0,0.0902777777778,0.0,0.161111111111,0.0,0.197222222222,0.0,0.211111111111,0.0,0.154973131614,0.131510949057,0.173368055556,0.0,0.136748376305,0.132571697482,0.0,0.0,0.154176587302,0.0,0.0,0.0,0.153233713624,0.25,0.0,0.0,0.0,0.0,0.125148809524,0.0,0.0,0.0,0.1,0.214814814815,0.0,0.0,0.0,0.0,0.0,0.0,0.0,0.166666666667,0.0,0.133566033138,0.242857142857,0.322222222222,0.322222222222,0.0,0.183928571429,0.0,0.0,0.0,0.0,0.0,0.0,0.0,0.242857142857,0.242857142857,0.336111111111,0.0,0.0,0.242857142857,0.0775510204082,0.0,0.05,0.130950272218,0.0,0.157297178131,0.2,0.0,0.0,0.475,0.183928571429,0.0,0.0,0.164285714286,0.0904761904762,0.0,0.0,0.141666666667,0.0,0.0,0.130825389827,0.0,0.0
Peter Pettigrew,0.0,0.0,0.0,0.0,0.0,0.0,0.0,0.0,0.0,0.0,0.0,0.0,0.0,0.0,0.0,0.164201770452,0.0,0.0,0.0,0.0,0.0,0.0,0.0,0.0,0.0,0.0,0.0,0.0,0.025,0.0,0.0,0.0,0.0,0.0,0.0,0.0,0.0,0.0,0.0,0.0,0.0,0.0,0.112916666667,0.0,0.0,0.0,0.28125,0.0,0.0,0.0,0.229464285714,0.0,0.0,0.0,0.0,0.0,0.154166666667,0.05,0.0,0.0,0.0,0.0,0.0,0.0,0.0,0.0,0.0,0.0,0.0,0.05,0.0,0.0,0.0,0.0,0.0,0.0,0.0,0.0,0.0,0.0,0.0,0.0,0.0,0.0,0.0,0.0,0.05,0.0,0.0,0.126041666667,0.0,0.0,0.0,0.0,0.0,0.0,0.127232142857,0.0,0.0,0.0,0.05,0.0,0.0,0.0,0.0,0.0,0.0,0.0,0.0
Petunia Dursley,0.0,0.0,0.0,0.0,0.0,0.0,0.0,0.242857142857,0.0,0.0,0.0,0.0,0.242857142857,0.0,0.0,0.217077020202,0.0,0.0,0.0,0.0,0.242857142857,0.0,0.0,0.0,0.220833333333,0.0,0.0,0.0,0.0,0.219529100529,0.0,0.0,0.0,0.0,0.121428571429,0.161904761905,0.0,0.0,0.161904761905,0.242857142857,0.0,0.0,0.205194805195,0.0,0.0,0.0,0.121428571429,0.0,0.0,0.0,0.0,0.0,0.242857142857,0.0,0.0,0.213888888889,0.0,0.0,0.0,0.0,0.0,0.0,0.0,0.0,0.0,0.0,0.0,0.242857142857,0.242857142857,0.0,0.0,0.0,0.242857142857,0.0,0.0,0.0,0.0,0.0,0.242857142857,0.0,0.0,0.242857142857,0.0,0.0,0.0,0.242857142857,0.242857142857,0.0,0.0,0.161904761905,0.0,0.242857142857,0.0,0.0,0.0,0.0,0.242857142857,0.0,0.0,0.242857142857,0.242857142857,0.0,0.0,0.234694854953,0.0,0.0,0.242857142857,0.0,0.0
Phineas Nigellus Black,0.0,0.312319223986,0.0,0.312319223986,0.0,0.0,0.0,0.242857142857,0.0,0.0,0.0,0.312319223986,0.242857142857,0.0,0.275,0.204290179938,0.160185185185,0.0,0.0,0.0,0.242857142857,0.0,0.0,0.0,0.0,0.262986111111,0.0,0.338888888889,0.171567460317,0.0,0.0,0.0,0.0,0.0,0.26314484127,0.242857142857,0.333333333333,0.0,0.242857142857,0.242857142857,0.305386904762,0.0,0.164261889731,0.173333333333,0.173333333333,0.0,0.145997437169,0.0,0.0,0.0,0.288020833333,0.0,0.25128968254,0.0,0.0,0.261979166667,0.258611111111,0.171567460317,0.0,0.0,0.0,0.0,0.0,0.0,0.0,0.181944444444,0.385416666667,0.242857142857,0.242857142857,0.171567460317,0.0,0.0,0.242857142857,0.173333333333,0.0,0.0,0.0,0.0,0.242857142857,0.0,0.242857142857,0.0,0.0,0.0,0.0,0.237025050335,0.229761904762,0.0,0.0,0.18021340388,0.173333333333,0.288095238095,0.0,0.298159722222,0.0,0.198512377173,0.237430746222,0.0,0.0,0.242857142857,0.225396825397,0.233333333333,0.0,0.210416666667,0.0,0.0,0.248478835979,0.0,0.0
Pius Thicknesse,0.0,0.348611111111,0.0,0.375,0.0,0.0,0.0,0.0,0.0,0.0,0.0,0.375,0.322222222222,0.0,0.0,0.228208180708,0.0,0.0,0.0,0.0,0.0,0.0,0.0,0.0,0.05,0.0,0.0,0.0,0.322222222222,0.0,0.0,0.0,0.322222222222,0.0,0.0,0.0,0.0,0.0,0.0,0.0,0.0,0.0,0.2825,0.0,0.0,0.0,0.0,0.0,0.0,0.0,0.0,0.0,0.0,0.0,0.0,0.0,0.286730769231,0.322222222222,0.0,0.0,0.0,0.0,0.0,0.0,0.0,0.0,0.0,0.0,0.0,0.322222222222,0.322222222222,0.0,0.0,0.0,0.0,0.0,0.0,0.0,0.336111111111,0.0,0.0,0.0,0.0,0.0,0.0,0.0,0.0,0.0,0.0,0.322222222222,0.0,0.0,0.0,0.0,0.0,0.0,0.0,0.0,0.0,0.0,0.0,0.0,0.0,0.0,0.0,0.0,0.0,0.0,0.0
Pomona Sprout,0.0,0.0,0.0,0.0,0.0,0.0,0.0,0.0,0.0,0.0,0.0,0.0,0.0,0.0,0.0,0.243489583333,0.0,0.0,0.0,0.0,0.0,0.0,0.0,0.0,0.0,0.0,0.0,0.0,0.0,0.0,0.0,0.0,0.0,0.216927083333,0.0,0.0,0.0,0.0,0.0,0.0333333333333,0.4,0.0,0.237083333333,0.4,0.0,0.0,0.0,0.275,0.0,0.0,0.0,0.0,0.0333333333333,0.0,0.0,0.0,0.0,0.0,0.216666666667,0.0,0.0,0.0,0.0,0.0,0.0,0.0,0.260119047619,0.0,0.0,0.0,0.0871031746032,0.0,0.0,0.0,0.0,0.0,0.0,0.0,0.0,0.0,0.0,0.0,0.0,0.0,0.0,0.0,0.0,0.0,0.0,0.0,0.4,0.0333333333333,0.0,0.0,0.0,0.1375,0.0,0.0,0.0,0.0,0.0,0.0,0.0,0.0,0.0,0.0,0.0,0.0,0.0
Reginald Cattermole,0.0,0.0,0.0,0.0,0.0,0.0,0.0,0.0,0.0,0.0,0.0,0.0,0.0,0.0,0.0,0.160626780627,0.0,0.0,0.0,0.0,0.0,0.0,0.0,0.0,0.0,0.0,0.0,0.0916956018519,0.0,0.0,0.0,0.0,0.0,0.0,0.0,0.0,0.0,0.0,0.0,0.0,0.0,0.0,0.153703703704,0.0,0.0,0.0,0.0895833333333,0.0,0.0,0.0,0.0,0.0,0.0,0.0,0.0,0.0,0.0,0.0,0.0,0.0,0.0,0.0,0.0,0.131434375337,0.0,0.0,0.0,0.0,0.0,0.0,0.0,0.0,0.0,0.0,0.0,0.0,0.0,0.0,0.0,0.0,0.0,0.0,0.0,0.0,0.0,0.0,0.0,0.0,0.0,0.0625,0.0,0.0,0.0,0.0,0.0,0.0,0.0,0.0,0.0,0.0,0.0,0.0,0.0,0.0,0.0,0.0,0.0,0.0,0.0
Regulus Arcturus Black,0.0,0.281600529101,0.0,0.281600529101,0.0,0.0,0.0,0.242857142857,0.0,0.0,0.0,0.281600529101,0.242857142857,0.0,0.275,0.212308908792,0.160185185185,0.0,0.0,0.0,0.242857142857,0.0,0.0,0.0,0.0,0.0,0.0,0.338888888889,0.171567460317,0.0,0.0,0.0,0.0,0.0,0.26314484127,0.242857142857,0.333333333333,0.0,0.242857142857,0.242857142857,0.261369047619,0.0,0.208311287478,0.173333333333,0.173333333333,0.0,0.206773221634,0.0,0.0,0.0,0.288020833333,0.0,0.25128968254,0.0,0.0,0.261979166667,0.272121212121,0.171567460317,0.0,0.0,0.0,0.0,0.0,0.0,0.0,0.181944444444,0.385416666667,0.242857142857,0.242857142857,0.171567460317,0.0,0.0,0.242857142857,0.173333333333,0.0,0.0,0.0,0.0,0.242857142857,0.0,0.242857142857,0.237025050335,0.0,0.0,0.0,0.0,0.229761904762,0.0,0.0,0.208600088183,0.173333333333,0.35873015873,0.0,0.0,0.0,0.26311287478,0.230937687292,0.0,0.0,0.242857142857,0.225396825397,0.233333333333,0.0,0.210416666667,0.0,0.0,0.248478835979,0.0,0.0
Remus Lupin,0.0,0.0,0.23125,0.0,0.0,0.0,0.0,0.14213031746,0.0,0.0,0.0,0.0,0.0303571428571,0.0,0.0,0.131198187079,0.0,0.0,0.0,0.0,0.034693877551,0.0,0.0,0.0,0.0,0.0,0.0,0.0,0.0,0.0,0.0,0.0,0.0,0.0,0.18630952381,0.0854612332112,0.0,0.0,0.0898115079365,0.0534557823129,0.0,0.0,0.158460948402,0.0,0.0,0.0,0.0642047619048,0.0,0.0,0.0,0.146399136578,0.0,0.0485714285714,0.0,0.0,0.105982905983,0.125,0.0,0.0846153846154,0.0,0.0,0.0,0.0,0.0,0.0,0.5,0.0,0.0242857142857,0.328571428571,0.0,0.0,0.0,0.139767515052,0.0,0.0,0.0,0.0,0.0,0.0775510204082,0.05,0.242857142857,0.229761904762,0.0,0.0,0.0,0.229761904762,0.0,0.0,0.0,0.0862179487179,0.0,0.0706349206349,0.33125,0.0,0.0,0.0899305555556,0.193452380952,0.35,0.0,0.14213031746,0.146724561721,0.0,0.0,0.0,0.0,0.0,0.10126860119,0.0846153846154,0.0
Rita Skeeter,0.0,0.210779341029,0.0,0.213962430427,0.0,0.0,0.0,0.0,0.0,0.0,0.0,0.219771732099,0.0,0.0,0.0541666666667,0.192207689136,0.0,0.0,0.0,0.0,0.0,0.0,0.0,0.0,0.0,0.0,0.0,0.0,0.0,0.0,0.142911255411,0.0,0.0,0.0,0.0,0.0,0.0,0.275,0.0,0.0,0.0,0.0,0.20139619883,0.0,0.0,0.0,0.0,0.0,0.0,0.0,0.2059375,0.0,0.0,0.0,0.0,0.2059375,0.0,0.0,0.0,0.0,0.0,0.0,0.0,0.0,0.0,0.0,0.0,0.0,0.0,0.0,0.0,0.0,0.0,0.0,0.0,0.0,0.0,0.0,0.0,0.0,0.0,0.0,0.0,0.0,0.0,0.0,0.0,0.0,0.0,0.0,0.0,0.0,0.0,0.0,0.0,0.0,0.0,0.0,0.0,0.0,0.0,0.0,0.0,0.0,0.0,0.0,0.0,0.0,0.0
Rodolphus Lestrange,0.0,0.0,0.0,0.0,0.0,0.0,0.0,0.0,0.0,0.0,0.0,0.0,0.05,0.0,0.0,0.174233405483,0.100316558442,0.0,0.0,0.0,0.05,0.0,0.0,0.0,0.0,0.0,0.0,0.0,0.0,0.0,0.0,0.0,0.0,0.0,0.0,0.05,0.0,0.0,0.05,0.05,0.0,0.0,0.169808201058,0.0,0.0,0.0,0.119642857143,0.0,0.0,0.0,0.220138888889,0.0,0.0,0.0,0.0,0.220138888889,0.0,0.0,0.0,0.108601319316,0.108601319316,0.0,0.0,0.0,0.0,0.0,0.0,0.05,0.0,0.0,0.0,0.0,0.0,0.0,0.0,0.0,0.0,0.0,0.05,0.0,0.0,0.0,0.0,0.0,0.0,0.0,0.0,0.0,0.0,0.05,0.0,0.0,0.0,0.0,0.0,0.0,0.0,0.0,0.0,0.0,0.0,0.0,0.0,0.0,0.0,0.0,0.05,0.0,0.0
Ronald Weasley,0.0,0.125895863396,0.0,0.101731481481,0.0,0.0,0.0,0.19737654321,0.0,0.0,0.0,0.107085769981,0.131551985411,0.0,0.0,0.171605713841,0.126597222222,0.0,0.0,0.0,0.129315758688,0.0,0.0,0.266534391534,0.0,0.0,0.0902777777778,0.0,0.11644510582,0.0,0.197222222222,0.0833333333333,0.179563492063,0.0,0.188843355718,0.132531770192,0.276194444444,0.0,0.134791630812,0.135664239016,0.114487433862,0.0,0.156177516735,0.0,0.180902777778,0.25,0.158424569019,0.166666666667,0.0,0.0,0.0833333333333,0.0,0.124404761905,0.132708333333,0.166666666667,0.114583333333,0.194047619048,0.152586580087,0.161887976992,0.0,0.0,0.15,0.0,0.0625,0.222222222222,0.235089285714,0.10625,0.1287911968,0.121428571429,0.171956349206,0.226317597746,0.0,0.19737654321,0.0,0.0,0.0,0.0,0.0,0.130950272218,0.126041666667,0.161904761905,0.18021340388,0.322222222222,0.0,0.0625,0.208600088183,0.0862179487179,0.0,0.05,0.0,0.0,0.201665110489,0.138888888889,0.0722222222222,0.25,0.149781144781,0.223964183964,0.0,0.0,0.190138888889,0.0934027777778,0.0,0.252777777778,0.141666666667,0.188525132275,0.0,0.128362232332,0.174074074074,0.25
Rowena Ravenclaw,0.0,0.0,0.0,0.0,0.375,0.0,0.375,0.0,0.0,0.0,0.0,0.0,0.0,0.0,0.0,0.153534482759,0.0,0.0,0.0,0.0,0.0,0.0,0.0,0.0,0.0,0.0,0.0,0.0,0.0,0.0,0.0,0.0,0.0,0.133333333333,0.0,0.0,0.0,0.0,0.0,0.0,0.286666666667,0.0,0.143685515873,0.1436996337,0.173333333333,0.0,0.0,0.0,0.0,0.0,0.0,0.0,0.0,0.0,0.0,0.0,0.233630952381,0.0,0.0,0.0,0.0,0.0,0.0,0.0,0.325892857143,0.0,0.4,0.0,0.0,0.0,0.0,0.0,0.0,0.173333333333,0.0,0.0,0.0,0.0,0.0,0.0,0.0,0.173333333333,0.0,0.4,0.0,0.173333333333,0.0,0.0,0.0,0.0,0.0,0.0,0.0,0.0,0.0,0.0,0.173333333333,0.0,0.0,0.0,0.0,0.0,0.325892857143,0.0,0.0,0.0,0.0,0.3125,0.0
Rubeus Hagrid,0.0,0.208333333333,0.0,0.208333333333,0.0,0.0,0.0,0.231071428571,0.0,0.0,0.0,0.208333333333,0.134826152683,0.0,0.0,0.195465930451,0.45,0.0,0.0,0.0,0.142972883598,0.0,0.0,0.0,0.0,0.0,0.0,0.0,0.0,0.0,0.0,0.0,0.0,0.0166666666667,0.195767195767,0.175217702822,0.0,0.0,0.169257054674,0.167804232804,0.0,0.0,0.178688029547,0.0,0.0,0.0,0.186731150794,0.0,0.0,0.0,0.161666666667,0.0,0.138095238095,0.325,0.0,0.161666666667,0.252678571429,0.0,0.104166666667,0.0,0.0,0.0,0.0,0.0,0.0,0.198611111111,0.0333333333333,0.126970899471,0.210052910053,0.0,0.104166666667,0.0,0.19255952381,0.0,0.0,0.0,0.0,0.0,0.157297178131,0.0,0.242857142857,0.288095238095,0.0,0.0333333333333,0.0,0.35873015873,0.0706349206349,0.0,0.0,0.201665110489,0.0,0.0,0.0,0.0,0.0,0.0875,0.319841269841,0.0,0.0,0.245337301587,0.0706349206349,0.0,0.0,0.0,0.0,0.0,0.169520030234,0.0,0.0
Rufus Scrimgeour,0.0,0.12619047619,0.0,0.12619047619,0.0,0.0,0.0,0.0,0.0,0.0,0.0,0.12619047619,0.190625,0.0,0.0,0.162932098765,0.0,0.0,0.0,0.0,0.2,0.0,0.0,0.0,0.0,0.0,0.0,0.0,0.0,0.0,0.0,0.0,0.0,0.0,0.0,0.2,0.0,0.0,0.2,0.2,0.166666666667,0.0,0.232459372638,0.0,0.0,0.0,0.2,0.0,0.0,0.0,0.166666666667,0.0,0.0,0.0,0.0,0.166666666667,0.0,0.0,0.0,0.0,0.0,0.0,0.0,0.0,0.0,0.0,0.0,0.2,0.0,0.0,0.0,0.0,0.0,0.0,0.0,0.0,0.0,0.0,0.2,0.0,0.0,0.0,0.0,0.0,0.0,0.0,0.33125,0.0,0.0,0.138888888889,0.0,0.0,0.0,0.0,0.0,0.0,0.0,0.0,0.0,0.0,0.33125,0.0,0.0,0.0,0.0,0.0,0.2,0.0,0.0
Salazar Slytherin,0.0,0.5,0.0,0.5,0.0,0.0,0.0,0.0,0.0,0.0,0.0,0.5,0.0,0.0,0.0,0.23518732493,0.0,0.0,0.0,0.0,0.0,0.0,0.0,0.0,0.0,0.262986111111,0.0,0.0,0.0,0.0,0.0,0.0,0.0,0.0,0.0,0.0,0.0,0.0,0.0,0.0,0.352857142857,0.0,0.0361111111111,0.0,0.0,0.0,0.0722222222222,0.0,0.0,0.0,0.0,0.0,0.0,0.0,0.0,0.0,0.5,0.0,0.0,0.0,0.0,0.0,0.0,0.0,0.0,0.0,0.105,0.0,0.0,0.0,0.0,0.0,0.0,0.0,0.0,0.475,0.0,0.0,0.0,0.0,0.0,0.298159722222,0.0,0.0,0.0,0.0,0.0,0.0,0.0,0.0722222222222,0.0,0.0,0.0,0.0,0.0,0.194444444444,0.0,0.0,0.0,0.0,0.0,0.0,0.0,0.0,0.0,0.0,0.0,0.0,0.0
Seamus Finnigan,0.0,0.0,0.0,0.0,0.0,0.0,0.0,0.0,0.0,0.0,0.0,0.0,0.0,0.0,0.0,0.231859410431,0.0,0.0,0.0,0.0,0.0,0.0,0.0,0.0,0.0,0.0,0.0,0.0,0.0,0.0,0.0,0.25,0.0,0.0,0.0,0.0,0.0,0.0,0.0,0.0,0.0,0.222789115646,0.0891156462585,0.0,0.0,0.0,0.0,0.0,0.0,0.0,0.0,0.0,0.0,0.0,0.0,0.0,0.222789115646,0.0,0.25,0.0,0.0,0.0,0.0,0.0,0.0,0.0,0.0,0.0,0.0,0.0,0.0,0.0,0.0,0.0,0.0,0.0,0.0,0.0,0.0,0.0,0.0,0.0,0.0,0.0,0.0,0.0,0.0,0.0,0.0,0.25,0.0,0.0,0.0,0.0,0.0,0.0,0.0,0.0,0.0,0.0,0.0,0.0,0.0,0.0,0.0,0.0,0.0,0.0,0.0
Severus Snape,0.0,0.156703869048,0.3375,0.166031746032,0.0,0.0,0.0,0.0,0.0,0.0,0.0,0.156703869048,0.475,0.0,0.0,0.16347701474,0.5,0.0,0.0,0.0,0.475,0.0,0.0,0.0,0.0,0.0,0.25,0.175,0.186882716049,0.0,0.0,0.0,0.0,0.24375,0.216666666667,0.475,0.0,0.0,0.373263888889,0.244225589226,0.174702380952,0.0,0.169206284919,0.0,0.0,0.0,0.0684764309764,0.0,0.0,0.0,0.179020979021,0.0,0.0,0.0,0.0,0.157973232323,0.105883394383,0.134656084656,0.201447811448,0.0,0.0,0.0,0.0,0.0,0.0,0.0,0.153072916667,0.475,0.0,0.180324074074,0.149635241302,0.0,0.0,0.0,0.0,0.0,0.0,0.0,0.475,0.0,0.0,0.198512377173,0.0,0.1375,0.0,0.26311287478,0.0899305555556,0.0,0.0,0.149781144781,0.0,0.0875,0.0,0.194444444444,0.0,0.0,0.21981962482,0.0,0.0,0.0,0.0899305555556,0.0,0.0,0.0,0.0,0.0,0.475,0.0,0.0
Sirius Black,0.0,0.190100151172,0.0,0.190100151172,0.0,0.0,0.0,0.183928571429,0.0,0.0,0.0,0.190100151172,0.183928571429,0.0,0.275,0.201623616862,0.137905092593,0.0,0.0,0.0,0.183928571429,0.0,0.0,0.0,0.0,0.0,0.0,0.338888888889,0.171567460317,0.0,0.0,0.0,0.0,0.0,0.26314484127,0.203571428571,0.333333333333,0.0,0.203571428571,0.183928571429,0.174246031746,0.0,0.208732339863,0.173333333333,0.173333333333,0.0,0.205384332745,0.0,0.0,0.0,0.158537946429,0.0,0.25128968254,0.0,0.0,0.151458333333,0.194288194444,0.171567460317,0.0,0.0,0.0,0.0,0.0,0.0,0.0,0.287962962963,0.385416666667,0.164285714286,0.161904761905,0.171567460317,0.0,0.0,0.183928571429,0.173333333333,0.0,0.0,0.0,0.0,0.183928571429,0.127232142857,0.242857142857,0.237430746222,0.0,0.0,0.0,0.230937687292,0.193452380952,0.0,0.0,0.223964183964,0.173333333333,0.319841269841,0.0,0.0,0.0,0.21981962482,0.0,0.0,0.0,0.164285714286,0.197321428571,0.233333333333,0.0,0.210416666667,0.0,0.0,0.217609126984,0.0,0.0
Stan Shunpike,0.0,0.0,0.0,0.0,0.0,0.0,0.0,0.0,0.0,0.0,0.0,0.0,0.0,0.0,0.0,0.134166666667,0.0,0.0,0.0,0.0,0.0,0.0,0.0,0.0,0.0,0.0,0.0,0.0,0.0,0.0,0.0,0.0,0.0,0.0,0.0,0.0,0.0,0.0,0.0,0.0,0.0,0.0,0.256666666667,0.0,0.0,0.0,0.0,0.0,0.0,0.0,0.0,0.0,0.0,0.0,0.0,0.0,0.0,0.0,0.0,0.0,0.0,0.0,0.0,0.0,0.0,0.0,0.0,0.0,0.0,0.0,0.0,0.0,0.0,0.0,0.0,0.0,0.0,0.0,0.0,0.0,0.0,0.0,0.0,0.0,0.0,0.0,0.35,0.0,0.0,0.0,0.0,0.0,0.0,0.0,0.0,0.0,0.0,0.0,0.0,0.0,0.35,0.0,0.0,0.0,0.0,0.0,0.0,0.0,0.0
Sybill Patricia Trelawney,0.0,0.0,0.0,0.0,0.0,0.0,0.0,0.0,0.0,0.0,0.0,0.0,0.0,0.0,0.0,0.125,0.0,0.0,0.0,0.0,0.0,0.0,0.0,0.0,0.0,0.0,0.0,0.0,0.0,0.0,0.0,0.0,0.0,0.0,0.0,0.0,0.0,0.0,0.0,0.0,0.0,0.0,0.0,0.0,0.0,0.0,0.0,0.0,0.0,0.0,0.0,0.0,0.0,0.0,0.0,0.0,0.0,0.0,0.0,0.0,0.0,0.0,0.0,0.0,0.0,0.0,0.0,0.0,0.0,0.0,0.0,0.0,0.0,0.0,0.0,0.0,0.0,0.0,0.0,0.0,0.0,0.0,0.0,0.0,0.0,0.0,0.0,0.0,0.0,0.0,0.0,0.0,0.0,0.0,0.0,0.0,0.0,0.0,0.0,0.0,0.0,0.0,0.0,0.0,0.0,0.0,0.0,0.0,0.0
Ted Tonks,0.0,0.0,0.0,0.0,0.0,0.0,0.0,0.143576491516,0.0,0.0,0.0,0.0,0.164285714286,0.0,0.0333333333333,0.141218106996,0.0930555555556,0.0,0.0,0.0,0.123214285714,0.0,0.0,0.03125,0.144444444444,0.0,0.133333333333,0.0,0.0,0.0,0.0,0.0,0.0,0.0,0.0809523809524,0.146687003968,0.0,0.0,0.183928571429,0.190957837302,0.0,0.0,0.172602539683,0.0,0.0,0.0,0.12473015873,0.0,0.0,0.0,0.0,0.0,0.121428571429,0.186111111111,0.0,0.0,0.122916666667,0.0,0.0,0.0,0.0,0.0,0.0,0.0,0.0,0.0,0.0,0.196726190476,0.161904761905,0.0,0.25,0.0,0.140765104967,0.0,0.0,0.0,0.0,0.0,0.164285714286,0.0,0.242857142857,0.242857142857,0.0,0.0,0.0,0.242857142857,0.14213031746,0.0,0.0,0.190138888889,0.0,0.245337301587,0.0,0.0,0.0,0.0,0.164285714286,0.0,0.0,0.0,0.169273589065,0.0,0.0,0.0,0.0,0.0,0.122619047619,0.0,0.0
Teddy Lupin,0.0,0.0,0.23125,0.0,0.0,0.0,0.0,0.169273589065,0.0,0.0,0.0,0.0,0.0404761904762,0.0,0.0,0.13764260605,0.0,0.0,0.0,0.0,0.0404761904762,0.0,0.0,0.0,0.0,0.0,0.0,0.0,0.0,0.0,0.0,0.0,0.0,0.0,0.188265306122,0.0792162698413,0.0,0.0,0.0892055860806,0.0485714285714,0.0,0.0,0.161361940075,0.0,0.0,0.0,0.0404761904762,0.0,0.0,0.0,0.146399136578,0.0,0.0485714285714,0.0,0.0,0.105982905983,0.125,0.0,0.0846153846154,0.0,0.0,0.0,0.0,0.0,0.0,0.5,0.0,0.0269841269841,0.328571428571,0.0,0.0,0.0,0.166943400167,0.0,0.0,0.0,0.0,0.0,0.0904761904762,0.05,0.242857142857,0.225396825397,0.0,0.0,0.0,0.225396825397,0.146724561721,0.0,0.0,0.0934027777778,0.0,0.0706349206349,0.33125,0.0,0.0,0.0899305555556,0.197321428571,0.35,0.0,0.169273589065,0.0,0.0,0.0,0.0,0.0,0.0,0.10801984127,0.0846153846154,0.0
Terry Boot,0.0,0.0,0.0,0.0,0.375,0.0,0.375,0.0,0.0,0.0,0.0,0.0,0.0,0.0,0.0,0.282,0.0,0.0,0.0,0.0,0.0,0.25,0.0,0.0,0.0,0.0,0.0,0.0,0.0,0.176666666667,0.0,0.0,0.0,0.0,0.0,0.0,0.0,0.0,0.0,0.25,0.0,0.0,0.176666666667,0.0,0.0,0.0,0.0,0.0,0.0,0.0,0.0,0.0,0.0,0.0,0.0,0.0,0.0,0.0,0.25,0.0,0.0,0.0,0.0,0.0,0.0,0.05,0.0,0.0,0.0,0.0,0.0,0.0,0.0,0.0,0.0833333333333,0.0,0.0,0.0,0.0,0.0,0.0,0.233333333333,0.0,0.0,0.0,0.233333333333,0.0,0.0,0.0,0.0,0.0,0.0,0.0,0.0,0.0,0.0,0.233333333333,0.0,0.0,0.0,0.0,0.0,0.0,0.176666666667,0.0,0.0,0.0,0.0,0.0
Tom Riddle,0.0,0.444444444444,0.0,0.444444444444,0.0,0.0,0.0,0.0,0.0,0.0,0.0,0.444444444444,0.0,0.0,0.0,0.252053140097,0.0,0.0,0.0,0.0,0.0,0.0,0.0,0.0,0.0,0.0,0.0,0.0,0.0,0.0,0.0,0.0,0.0,0.0,0.0,0.0,0.0,0.0,0.0,0.0,0.0,0.0,0.253158068783,0.325892857143,0.25,0.25,0.284090909091,0.444444444444,0.0,0.0,0.0,0.0,0.0,0.0,0.0,0.0,0.264672619048,0.0,0.0,0.0,0.0,0.0,0.0,0.0,0.208059056956,0.283333333333,0.0,0.0,0.0,0.0,0.0,0.0,0.0,0.0,0.0,0.0,0.0,0.0,0.0,0.0,0.0,0.0,0.0,0.0,0.0,0.0,0.0,0.0,0.0,0.252777777778,0.325892857143,0.0,0.0,0.0,0.0,0.0,0.0,0.0,0.0,0.0,0.0,0.0,0.0,0.0,0.0,0.0,0.0,0.0,0.25
Vernon Dursley,0.0,0.0,0.0,0.0,0.0,0.0,0.0,0.0,0.0,0.0,0.0,0.0,0.141666666667,0.0,0.0,0.196538065844,0.0,0.0,0.0,0.0,0.141666666667,0.0,0.0,0.0,0.294444444444,0.0,0.0,0.0,0.0,0.232375832053,0.0,0.0,0.0,0.0,0.0,0.141666666667,0.0,0.0,0.141666666667,0.141666666667,0.0,0.0,0.168759398496,0.0,0.0,0.0,0.0,0.0,0.0,0.0,0.0,0.0,0.0,0.0,0.0,0.0,0.05,0.0,0.0,0.0,0.0,0.0,0.0,0.0,0.0,0.0,0.0,0.141666666667,0.0,0.0,0.0,0.0,0.0,0.0,0.0,0.0,0.0,0.0,0.141666666667,0.0,0.234694854953,0.210416666667,0.0,0.0,0.0,0.210416666667,0.0,0.0,0.0,0.141666666667,0.0,0.0,0.0,0.0,0.0,0.0,0.210416666667,0.0,0.0,0.0,0.0,0.176666666667,0.0,0.0,0.0,0.0,0.141666666667,0.0,0.0
Viktor Krum,0.0,0.325,0.0,0.325,0.0,0.0,0.0,0.0,0.0,0.0,0.0,0.325,0.0,0.0,0.0,0.185885642136,0.0,0.0,0.0,0.0,0.0,0.0,0.0,0.0,0.0,0.0,0.0,0.0,0.0,0.0,0.0,0.0,0.0,0.0,0.25,0.0,0.0,0.071875,0.0,0.0,0.14375,0.0,0.151554232804,0.0,0.0,0.0,0.0,0.0,0.0,0.0,0.0,0.0,0.0,0.0,0.0,0.0,0.0,0.0,0.05625,0.0,0.0,0.0,0.0,0.0,0.0,0.0,0.0,0.0,0.0,0.0,0.0,0.0,0.0,0.0,0.0,0.0,0.0,0.0,0.0,0.0,0.0,0.0,0.0,0.0,0.0,0.0,0.0,0.0,0.0,0.188525132275,0.0,0.0,0.0,0.0,0.0,0.0,0.0,0.0,0.0,0.0,0.0,0.0,0.0,0.0,0.0,0.0,0.0,0.322916666667,0.0
Walden Macnair,0.0,0.0,0.0,0.0,0.0,0.0,0.0,0.0,0.0,0.0,0.0,0.0,0.0,0.0,0.0,0.0,0.0,0.0,0.0,0.0,0.0,0.0,0.0,0.0,0.0,0.0,0.0,0.0,0.0,0.0,0.0,0.0,0.0,0.0,0.0,0.0,0.0,0.0,0.0,0.0,0.0,0.0,0.0,0.0,0.0,0.0,0.0,0.0,0.0,0.0,0.0,0.0,0.0,0.0,0.0,0.0,0.0,0.0,0.0,0.0,0.0,0.0,0.0,0.0,0.0,0.0,0.0,0.0,0.0,0.0,0.0,0.0,0.0,0.0,0.0,0.0,0.0,0.0,0.0,0.0,0.0,0.0,0.0,0.0,0.0,0.0,0.0,0.0,0.0,0.0,0.0,0.0,0.0,0.0,0.0,0.0,0.0,0.0,0.0,0.0,0.0,0.0,0.0,0.0,0.0,0.0,0.0,0.0,0.0
William Weasley,0.0,0.028125,0.23125,0.028125,0.0,0.0,0.0,0.122142857143,0.0,0.0,0.0,0.028125,0.13278747567,0.0,0.0,0.152764743524,0.0736111111111,0.0,0.0,0.0,0.132517436267,0.0,0.0,0.103075396825,0.0,0.0,0.0902777777778,0.0,0.0,0.0,0.197222222222,0.0,0.205,0.0,0.120443973465,0.133357278524,0.165231481481,0.0,0.1369496633,0.131947923556,0.0,0.0,0.154954227965,0.0,0.0,0.0,0.13046579743,0.25,0.0,0.0,0.0,0.0,0.125314153439,0.0,0.0,0.0,0.1,0.0,0.103075396825,0.0,0.0,0.0,0.0,0.0,0.0,0.5,0.0,0.13213640992,0.154489795918,0.0,0.0,0.0,0.122142857143,0.0,0.0,0.0,0.0,0.0,0.130825389827,0.0,0.242857142857,0.248478835979,0.0,0.0,0.0,0.248478835979,0.10126860119,0.0,0.05,0.128362232332,0.0,0.169520030234,0.2,0.0,0.0,0.475,0.217609126984,0.0,0.0,0.122619047619,0.10801984127,0.0,0.0,0.141666666667,0.0,0.0,0.0,0.136363636364,0.0
Xenophilius Lovegood,0.0,0.2,0.0,0.2,0.0,0.0,0.0,0.0,0.0,0.0,0.0,0.2,0.0,0.0,0.0,0.174043078835,0.0,0.0,0.0,0.0,0.0,0.0,0.0,0.0,0.0,0.0,0.0,0.0,0.0,0.0,0.0,0.0,0.0,0.0,0.136363636364,0.0,0.0,0.2,0.0,0.0,0.025,0.0,0.13193019943,0.3125,0.0,0.0,0.168770667989,0.0,0.0,0.0,0.127457264957,0.0,0.0,0.0,0.0,0.127457264957,0.0,0.0,0.126916453567,0.0,0.0,0.0,0.0,0.0,0.0,0.0,0.270833333333,0.0,0.0,0.0,0.4,0.0,0.0,0.0,0.0,0.0,0.0,0.0,0.0,0.0,0.0,0.0,0.0,0.0,0.0,0.0,0.0846153846154,0.0,0.0,0.174074074074,0.3125,0.0,0.0,0.0,0.0,0.0,0.0,0.0,0.0,0.0,0.0846153846154,0.0,0.0,0.0,0.322916666667,0.0,0.136363636364,0.0,0.0
Zacharias Smith,0.0,0.0,0.0,0.0,0.0,0.0,0.0,0.0,0.0,0.0,0.0,0.0,0.0,0.0,0.0,0.166157407407,0.0,0.0,0.0,0.0,0.0,0.0,0.0,0.0,0.0,0.0,0.0,0.0,0.0,0.0,0.0,0.0,0.0,0.0,0.0,0.0,0.0,0.0,0.0,0.0,0.240277777778,0.0,0.126666666667,0.0,0.125,0.178134920635,0.25,0.0,0.0,0.0,0.0,0.0,0.0,0.0,0.0,0.0,0.25,0.0,0.0,0.0,0.0,0.0,0.0,0.0,0.25,0.0,0.0,0.0,0.0,0.0,0.0,0.0,0.0,0.0,0.0,0.0,0.0,0.0,0.0,0.0,0.0,0.0,0.0,0.0,0.0,0.0,0.0,0.0,0.0,0.25,0.0,0.0,0.0,0.0,0.0,0.0,0.0,0.0,0.0,0.0,0.0,0.0,0.25,0.0,0.0,0.0,0.0,0.0,0.0
